id,parentId,author,description,type,opened
0,0,Ронн,\"Впервые за долгое время, мы с друзьями, смогли вновь собрать и отправиться путешествовать! Я так рад!\",text_person,0
1,0,Джоанна,\"Если бы не мы навестили твою кузину, и не отпросили бы тебя у неё, не оказался бы ты тут с нами!\",text_person,0
2,0,Ронн,\"Обратно ты за своё, мы хоть раз можем отправится куда-нибудь, без всех этих издёвок?\",text_person,0
3,0,Клэр,\"Действительно Джоанна, пожалуй хватит, смотри, у него сосуды на лбу повыскакивали! Хе-хе.\",text_person,0
4,0,Автор,\"Клэр и Джоанна в припадке смеха, попятились назад, взявшись друг-друга за руки. Они шли позади Ронна, что вечно охватывал шуточки в свою сторону, и на этот случай всегда носил с собой наушники. Да, он их часто слушал. Вместе с Ронном прибыла и её старшая сестра Клэр.\",text_author,0
5,0,Клэр,\"Ребята! Куда же вы так спешите, подождите нас! Ронн, пошли.\",text_person,0
6,0,Ронн,\"...\",text_person,0
7,0,Джоанна,\"Воу воу, не так быстро! Я не успеваю за тобой!\",text_person,0
8,0,Стивен,\"Ладно ребят, давайте остановимся и решим, как пойдём, с кем пойдём или же посмотрим все экспонаты вместе?\",text_person,0
9,0,Автор,\"Осознав всю важность данной ситуации, что дальше скажется на впечатлении от всей поездки, Ронн снял наушники и чуть ли не умолял меня.\",text_author,0
10,0,Ронн,\"Ну блин, чувак, я не собираюсь оставаться с Клэр вновь, она моя сестра и всё такое, но я не хочу вновь слышать шуточки о разнице в моём росте с ней или что ещё хуже, если мы наткнёмся на Наполеона и она будет сопостовлять с ним мой рост!\",text_person,0
11,0,Автор,\"Ронн действительно был низкого роста. Его злостные жалобы сильно всех расмешили, кроме Клэр, они посчитала это оскорблением, о чём говорило её выражения лица, сильно отличавшаееся от всех наших, широко улыбающихся лиц.\",text_author,0
12,0,Клэр,\"Я просто хотела сделать фоточки на память, и отправить их нашей тёте, а ты такое говоришь.\",text_person,0
13,0,Джоанна,\"Боже как мило. Ронн не будь такой занудой, не отказывай своей сестре!\",text_person,0
14,0,Автор,\"Смех не стихал в фойе здании изобразительного и декоративно-прикладного искусства.\",text_author,0
15,0,Автор,\"Мы приехали в Санкт-Петербург рейсом из Чикаго и давно планировали посетить этот музей нашей старой, ещё с колледжа, компанией. Стивен любил быть старостой класса и когда услышал новость о том, что нужен гид и переводчик в России, сразу окликнулся, согласившись стать переводчиком и гидом в одном лице, он даже забронировал номера в отеле.\",text_author,0
16,0,Автор,\"Что касательно нас с Анной, мы встречались уже год, и всегда были вместе.\",text_author,0
17,0,Анна,\"(шёпотом) Мы же пойдём вместе, да, любимый?\",text_person,0
18,0,Ронн,\"Нее, друг, побудь со мной?\",text_person,0
19,0,Автор,\"В одно мгновенье все разом прекратили смеятся, и устремили взор в мою сторону, мне казалось, выбор лежит за мной.\",text_author,0
20,0,Стивен,\"Давай чувак, мы теряем время, последнее слово за тобой.\",text_person,0
21,0,Выбор,\"Остаться с Анной\",button,0
22,0,Выбор,\"Быть с Ронном\",button,0
23,0,Выбор,\"Предложить не делиться\",button,0
24,0,Выбор,\"Предложить поделить нас всех Стивену\",button,0
25,21,Вы,\"Ронн, ты же знаешь, я не могу, да и поставь себя на моё место, как бы ты поступил?\",text_user,0
26,21,Автор,\"Анна поцеловала вас в щёчку, и схватила за руку.\",text_author,0
27,21,Анна,\"Уии! Я так рада дорогой, ну что, пошли?\",text_person,0
28,21,Стивен,\"В таком раскладе Джоанна пойдёт с Ронном, а я с Клэр.\",text_person,0
29,21,Автор,\"Гул недовольствия со стороны девушек.\",text_author,0
30,21,Джоанна,\"Почему я то???\",text_person,0
31,21,Стивен,\"Потому что я так сказал.\",text_person,0
32,21,Джоанна,\"Пфф, мужчины. Ладно Ронн, веди меня, только смотри не потеряйся среди экспонатов! Хе-хе.\",text_person,0
33,21,Автор,\"Девушки вновь на последок посмеялись и отправились рассматривать музей.\",text_author,0
34,21,Клэр,\"Ну чтож, мистер президент студентческого совета, изволите?\",text_person,0
35,21,Автор,\"Клэр обняла руку Стивена, и он указал ей в сторону экспанатов древнего Египта, грациозна протянув руку, как делают это жакеи.\",text_author,0
36,21,Стивен,\"Прошу.\",text_person,0
37,21,Анна,\"О смотри, памятка этого здания, слушай:\",text_person,0
38,21,Анна,\"Эрмитаж возник в 1764 году как частное собрание Екатерины II, после того, как ей были переданы из Берлина 317 ценных картин (по расхожим слухам их было лишь 225) общей стоимостью в 183 тысячи талеров\",text_person,0
39,21,Анна,\"Что такое «талеры»?\",text_person,0
40,21,Вы,\"Та́лер — название крупной серебряной монеты, которая в XVI—XIX веках играла важную роль в денежном обращении Европы и в международной торговле, ну по крайней мере так говорит Google.\",text_user,0
41,21,Анна,\"Интересно...\",text_person,0
42,21,Автор,\"После нескольких минут изучиений экспанатов и статуй вам с Анной откровенно говоря становится скучно\",text_author,0
43,21,Выбор,\"Отправиться в другое крыло музея\",button,0
44,21,Выбор,\"Позвонить другим парам\",button,0
45,21,Выбор,\"Рассказать страшилку\",button,0
46,21,Выбор,\"Подключиться к другим иностранным группам\",button,0
47,43,Автор,\"Вы схватили Анну за руку\",text_author,0
48,43,Вы,\"Доверься мне, идём за мной.\",text_user,0
49,43,Анна,\"Больно, ай, куда ты меня тащишь?\",text_person,0
50,43,Вы,\"Идём, идём.\",text_user,0
51,43,Анна,\"Боже дорогой, что ты делаешь?\",text_person,0
52,43,Вы,\"Брось дорогая, здесь никого нет не бойся.\",text_user,0
53,43,Анна,\"Если нас здесь увидят, нам сильно... ай, руки!\",text_person,0
54,43,Вы,\"Расслабься\",text_user,0
55,43,Автор,\"Заняться непристойными делами возможно было и не самой плохой идее в таком месте, но страстные поцелуи Анны заглушали всё происходящее вокруг. Вы видели только её, её глаз, её губы.\",text_author,0
56,43,Автор,\"В коридоре послышались шаги\",text_author,0
57,43,Вы,\"Ты слышишь?\",text_user,0
58,43,Анна,\"Иди сюда дорогой, там никого нет\",text_person,0
59,43,Вы,\"Я действительно что то слышал.\",text_user,0
60,43,Автор,\"Полностью потеряв всё настроение, Анна подправила свои волосы и вытащила зеркальце чтобы посмотреть на состояние помады, что было у неё на губах.\",text_author,0
61,43,Анна,\"(с недовольствием) Какой ты взволнованный! Здесь на третьем этаже даже экспанатов на пол этажа! Здесь точно никого не было, тебе послышалось...\",text_person,0
62,43,Выбор,\"Проверить одному\",button,0
63,43,Выбор,\"Остаться с Анной\",button,0
64,43,Выбор,\"Покинуть этот этаж с Анной\",button,0
65,62,Вы,\"Будь здесь, я мигом проверю, что там такое и вернусь, мне кажется так будет безопаснее.\",text_user,0
66,62,Анна,\"Хорошо, только быстро, конечно не хотелось об этом вспоминать именно в такой момент, но ты слышал о приведениях и духах этого музея?\",text_person,0
67,62,Вы,\"Боже Анна, я тебя умоляю, никто не верит в эту чушь!\",text_user,0
68,62,Анна,\"Я тебе серьёзно, ходят легенды о восковой фигуре Петра 1го, что бродит по коридорам дворца да бы использовать чужую плоть в своих корыстных целях, ещё у него с собой сабля, а ещё...\",text_person,0
69,62,Автор,\"Вы приближаетесь к Анне, и положа руку на щеку, нужно целуете её в щёку, тем самым успокаивая её.\",text_author,0
70,62,Анна,\"Как бы там ни было, именно сейчас я это вспомнила, и мне теперь страшно! А ты уход...\",text_person,0
71,62,Вы,\"Я люблю тебя, и никогда не дам в обиду, я быстро.\",text_user,0
72,62,Автор,\"Сделав пару нервных шагов на носочках всё время оглядываясь назад, вы воходите на развилку двух коридоров, что ведут к лестницам на нижние этажы музея.\",text_author,0
73,62,Вы,\"Странно, что людей здесь нет, хмм... Я конечно не паранойик, но не уж то этот этаж закрыли? Нет нет, не может быть.\",text_user,0
74,62,Автор,\"Не смотря на всю жуть происходящего вы ринулись к ближайщему спуску.\",text_author,0
75,62,Вы,\"Чёрт! Чёрт! Чёрт! Не может быть! Нас заперли?\",text_user,0
76,62,Автор,\"Нервно колошматит дверь, пытаясь позвать кого-нибудь на помощь.\",text_author,0
77,62,Вы,\"ПО МО ГИ ТЕ! Помогите! Ауууу!\",text_user,0
78,62,Автор,\"Удары по двери\",text_author,0
79,62,Вы,\"Чёрт! Чёрт! Что же делать? Боже Анна! Она же там одна!\",text_user,0
80,62,Автор,\"Обежав всё западное крыло, и взглянув в лица всем этим похожим на хищных животных экспанатам в глаза, вы удостоверились, что все двери, что отделяют третий этаж от лестниц на нижние этажы заперты.\",text_author,0
81,62,Автор,\"Солнце за решётчатыми окнами садится окрашивая в кроваво красное вместе с облаками и экспанаты времён 19 – 20 веков Франции.\",text_author,0
82,62,Автор,\"Тени от заходяшего солнца с каждой минутой отражал на стены всё новые, жуткие формы, в которых виднелись и люди и монстры и так же этот злощастный Пётр 1ый, о котором вам рассказала Анна.\",text_author,0
83,62,Автор,\"Вы вернулись на место\",text_author,0
84,62,Вы,\"Анна, где она? Боже! Да это РОЗЫГРЫШ! КОНЕЧНО ЖЕ! КАК Я СРАЗУ НЕ ДОГОДАЛСЯ! Сейчас я вам позвоню, и ваши телефоны тут и зазвенят!\",text_user,0
85,62,Автор,\"Судорожно тресящейся рукой вы открываете адресную книгу\",text_author,0
86,62,Выбор,\"Позвонить друзьям\",button,0
87,62,Выбор,\"Позвонить Анне\",button,0
88,86,Вы,\"Я наберу Стивену, это он скорее всего всех подговорил! Конечно он! Кто же ещё!\",text_user,0
89,86,Автор,\"На третьем этаже всё так же тихо, только нескончаемые гудки\",text_author,0
90,86,Вы,\"Алло! АЛЛО! СТИВЕН! КАКОГО...\",text_user,0
91,86,Стивен,\"Какого хрена приятель? Где вас с Анной носит? Музей давно закрылся, вы где?\",text_person,0
92,86,Вы,\"Ты издеваешься? Стивен, нас зкрыли на третьем этаже! Ты можешь попросить кого-нибудь вызволить нас?\",text_user,0
93,86,Стивен,\"Ты серьёзно? ЗАПЕРЛИ? Вы не слышали охранников? Кто то испортил картину «Данаи» и теперь всех попросили покинуть Эрмитаж пока они не просмотрят записи на камерах и оцепили все входы и выходы. Я тогда сейча...\",text_person,0
94,86,Автор,\"Голос Стивена прерывается.\",text_author,0
95,86,Клэр,\"Боже, вы там? Мы распереживались уже! Анна с тобой? Мы не можем ей дозвониться!\",text_person,0
96,86,Вы,\"Боже...\",text_user,0
97,86,Клэр,\"Что «Боже»?! Ответь ты нам...\",text_person,0
98,86,Джоанна,\"Анна! Скажи она рядом с тобой!?\",text_person,0
99,86,Выбор,\"Солгать\",button,0
100,86,Выбор,\"Сказать правду\",button,0
101,99,Вы,\"Да она не подалёку, позовите нам на помощь кого-нибудь!\",text_user,0
102,99,Джоанна,\"Естественно позов...\",text_person,0
103,99,Стивен,\"Я уже сказал охраникам, они идут к вам!\",text_person,0
104,99,Вы,\"Хорошо.\",text_user,0
105,99,Вы,\"Я буду держать вас в курсе, я перезвоню.\",text_user,0
106,99,Вы,\"(через слёзы) Анна! АННА! ГДЕ ТЫ! ПОЖАЛУЙСТА! Пожалуйста... отзовись... Анна...\",text_user,0
107,99,Автор,\"Темнота сгущавшаяся в коридоре заставила ваще сердце участиться в ударах, ваши коленки ломятся, от ужаса происходящего вы упали на колени\",text_author,0
108,99,Автор,\"Звонок Анне\",text_author,0
109,99,Вы,\"Я знаю ты здесь, ты меня разыгрываешь\",text_user,0
110,99,Автор,\"Вдруг вдали коридора раздаётся знакомый вам рингтон телефона.\",text_author,0
111,99,Вы,\"Анна! Почему ты... Анна... Боже! БОЖЕ!!!!!\",text_user,0
112,99,Автор,\"Анна лежала на полу с полностью изуродованным лицом, её руки были сломанны в локтях, из-за чего она приняла необычную позу, кровь расстекалась от её рта, покрывая большую площадь вокруг её тела на полу. Она поддёргивалась, но из-за темноты было не разобрать что она хотела в тот момент сказать, она плакала...\",text_author,0
113,99,Автор,\"Вы взяли в руки телефон Анны, где в набранных сообщениях было недописанно\",text_author,0
114,99,Автор,\"«Дорогой, здесь незнакомый человек с ножом, пожалуйста возвращайся скорее. Я жду те     »\",text_author,0
115,99,Вы,\"(бья руками по полу) Анна! АННА! НЕТ! НЕТ! НЕТ!\",text_user,0
116,99,Убийца,\"Смотри сюда!\",text_person,0
117,99,Вы,\"Кто это?!\",text_user,0
118,99,Автор,\"В утренних новостях был репортаж о зверском расчленении двух подростков в Санкт-Петербургском музее искусства. Тела двух подростков были расчлененны на части, а наличие кучи ножевых ранений и синяков свидетельствует о наличии у преступника холодного оружия. Следствие ведёт расследование на протяжении двух суток, но пока, без результатно. Тела погибших переданны в органы расследования, а убийца так ещё не найден, мы передаём наши соболезнования всем их друзьям и знакомым, а так же родителям пострадавших...\",text_author,0
119,99,Автор,\"К другим новостям\",text_author,0
120,99,Автор,\"Пропала легендарная восковая фигура Петра перво...\",text_author,0
121,99,Автор,\"КОНЕЦ ИГРЫ\",text_author,0
122,99,Выбор,\"Начать сначала\",button,0
123,100,Вы,\"Анна не со мной, я её потерял.\",text_user,0
124,100,Автор,\"Секунда молчания\",text_author,0
125,100,Джоанна,\"Мы позовём вам на помощь кого-нибудь, только найди её.\",text_person,0
126,100,Вы,\"Хорошо\",text_user,0
127,100,Вы,\"Я буду держать вас в курсе, я перезвоню.\",text_user,0
128,100,Вы,\"(через слёзы) Анна! АННА! ГДЕ ТЫ! ПОЖАЛУЙСТА! Пожалуйста... отзовись... Анна...\",text_user,0
129,100,Автор,\"Темнота, сгущавшаяся в коридоре, заставила ваще сердце участиться в ударах, ваши коленки ломятся, от ужаса происходящего вы упали на колени\",text_author,0
130,100,Автор,\"Звонок Анне\",text_author,0
131,100,Вы,\"Я знаю ты здесь, ты меня разыгрываешь\",text_user,0
132,100,Автор,\"Вдруг вдали коридора раздаётся знакомый вам рингтон телефона.\",text_author,0
133,100,Вы,\"Анна! Почему ты... Анна... Боже! БОЖЕ!!!!!\",text_user,0
134,100,Автор,\"Анна лежала на полу с полностью изуродованным лицом, её руки были сломанны в локтях, из-за чего она приняла необычную позу, кровь расстекалась от её рта, покрывая большую площадь вокруг её тела на полу. Она поддёргивалась, но из-за темноты было не разобрать что она хотела в тот момент сказать, она плакала...\",text_author,0
135,100,Автор,\"Вы взяли в руки телефон Анны, где в набранных сообщениях было недописанно\",text_author,0
136,100,Автор,\"«Дорогой, здесь незнакомый человек с ножом, пожалуйста возвращайся скорее. Я жду те     »\",text_author,0
137,100,Вы,\"(бья руками по полу) Анна! АННА! НЕТ! НЕТ! НЕТ!\",text_user,0
138,100,Убийца,\"Смотри сюда!\",text_person,0
139,100,Вы,\"Кто это?!\",text_user,0
140,100,Автор,\"В утренних новостях был репортаж о зверском расчленении двух подростков в Санкт-Петербургском музее искусства. Тела двух подростков были расчлененны на части, а наличие кучи ножевых ранений и синяков свидетельствует о наличии у преступника холодного оружия. Следствие ведёт расследование на протяжении двух суток, но пока, без результатно. Тела погибших переданны в органы расследования, а убийца так ещё не найден, мы передаём наши соболезнования всем их друзьям и знакомым, а так же родителям пострадавших...\",text_author,0
141,100,Автор,\"К другим новостям\",text_author,0
142,100,Автор,\"Пропала легендарная восковая фигура Петра перво...\",text_author,0
143,100,Автор,\"КОНЕЦ ИГРЫ\",text_author,0
144,100,Выбор,\"Начать сначала\",button,0
145,87,Вы,\"Я знаю ты здесь, ты меня разыгрываешь!\",text_user,0
146,87,Автор,\"Нескончаемые гудки в телефоне\",text_author,0
147,87,Автор,\"«Извините, телефон абонента недоступен»\",text_author,0
148,87,Вы,\"Какого? Ещё раз!\",text_user,0
149,87,Автор,\"«Извините, телефон абонента недоступен»\",text_author,0
150,87,Вы,\"Да ты издеваешься! ИЗДЕВАЕШЬСЯ! АННА! ЭТО НЕ СМЕШНО!\",text_user,0
151,87,Вы,\"(через слёзы) Анна! АННА! ГДЕ ТЫ! ПОЖАЛУЙСТА! Пожалуйста... отзовись... Анна...\",text_user,0
152,87,Автор,\"Темнота, сгущавшаяся в коридоре, заставила ваще сердце участиться в ударах, ваши коленки ломятся, от ужаса происходящего вы упали на колени\",text_author,0
153,87,Автор,\"Звук шагов позади вас\",text_author,0
154,87,Вы,\"Анна! Почему ты! Я же переж...\",text_user,0
155,87,Автор,\"Удар по головое. Вы теряете сознание.\",text_author,0
156,87,Автор,\"В утренних новостях был репортаж о зверском расчленении двух подростков в Санкт-Петербургском музее искусства. Тела двух подростков были расчлененны на части, а наличие кучи ножевых ранений и синяков свидетельствует о наличии у преступника холодного оружия. Следствие ведёт расследование на протяжении двух суток, но пока, без результатно. Тела погибших переданны в органы расследования, а убийца так ещё не найден, мы передаём наши соболезнования всем их друзьям и знакомым, а так же родителям пострадавших...\",text_author,0
157,87,Автор,\"К другим новостям\",text_author,0
158,87,Автор,\"Пропала легендарная восковая фигура Петра перво...\",text_author,0
159,87,Автор,\"КОНЕЦ ИГРЫ\",text_author,0
160,87,Выбор,\"Начать сначала\",button,0
161,63,Вы,\"Анна, идём вместе, в любом случаи нам лучше быть рядом друг с другом.\",text_user,0
162,63,Анна,\"Пфф, не уж то испугался, мальчишка\",text_person,0
163,63,Автор,\"Анна обняла вас за руку\",text_author,0
164,63,Анна,\"Вот взгляни! Помнишь я тебе рассказывала о приведениях и жутких духах в Эрмитаже?!\",text_person,0
165,63,Вы,\"Неее....\",text_user,0
166,63,Анна,\"Так вот, смотри это восковая фигура Петра 1го, есть много забавных историй о нём, говрят, что некогда, некоторые люди замечали что Петр 1ый встаёт и кланяется прохожим, а затем указывал на дверь, видимо, намекая на то, что гостям «пора и честь знать». Забавно не так ли?\",text_person,0
167,63,Вы,\"Больше жутко чем забавно. \",text_user,0
168,63,Автор,\"Кладя руку на его ногу\",text_author,0
169,63,Вы,\"Но он же восковый, в нём нет никаких шестерёнок или что-то вроде этого...\",text_user,0
170,63,Анна,\"Вот именно! Однако в 20 столетии в ходе реставрации внутри фигуры были обнаружены шарниры, которые позволяли сажать в кресло и ставить фигуру Петра. Однако, никакого механизма, который бы позволял царю самостоятельно двигаться, обнаружено не было. Кому-то доказательства показались неубедительными, кому-то – не захотелось терять очередную красивую легенду, поэтому эта история жива и сущетсвует.\",text_person,0
171,63,Вы,\"Да, забавно, а это пятно, похоже на кровь?\",text_user,0
172,63,Анна,\"Думаю во время реставрации кто то из рабочих поранился, а они не заметили. Дорогой, сфотографируй меня с ним! Давай же!\",text_person,0
173,63,Вы,\"Ладно ладно, и.... готово!\",text_user,0
174,63,Автор,\"Громкий распространяющийся эхом голос донёсса до вас\",text_author,0
175,63,Охрана,\"ЭЙ ВЫ!\",text_person,0
176,63,Анна,\"Охрана?\",text_person,0
177,63,Выбор,\"Бежать\",button,0
178,63,Выбор,\"Спрятаться\",button,0
179,177,Автор,\"Вы хватаете Анну за руку\",text_author,0
180,177,Вы,\"Ты можешь бежать?\",text_user,0
181,177,Анна,\"Сомневаешься?))\",text_person,0
182,177,Охрана,\"СТОЯТЬ!\",text_person,0
183,177,Вы,\"Тогда держись!\",text_user,0
184,177,Автор,\"Обегая секцию за секцией, на останавливаясь ни на секунду, с улыбкой на лицо, вы с Анной, выбегаете из Эрмитажа, где собрались и стоят все остальные ваши друзья.\",text_author,0
185,177,Ронн,\"Воу воу, вы чего такие? Откудого?\",text_person,0
186,177,Джоанна,\"Что случилось, за вами кто-то гнался?\",text_person,0
187,177,Автор,\"Больше всего вас смешило не покрасневшее лицо от всего случившегося на этом незабываемом третьем этаже Эрмитажа, а от лиц ваших друзей, что так серьёзно глядели на вас обоих в ожидании ответа.\",text_author,0
188,177,Вы,\"(сквозь тяжелое дыхание) Мы фоттографировались с... экспанатом... фууух... а потом.... охх... дайте отдышаться ребята\",text_user,0
189,177,Анна,\"(смеясь) А потом мы убегали от охраника, я в жизни столько ступенек не видела.\",text_person,0
190,177,Клэр,\"Ну вы ребята напугали, и всего то.\",text_person,0
191,177,Джоанна,\"Мы уж подумали что это вы изрезали картину «Данаи»\",text_person,0
192,177,Анна,\"Картину?\",text_person,0
193,177,Джоанна,\"Да, наверное этот человек хотел вас просто выпроводить, а вы от него убежали!\",text_person,0
194,177,Автор,\"Повторная волна смеха окутала всех\",text_author,0
195,177,Стивен,\"Кто-то изрезал картину «Данаи» и всех выгоняют из музея, так как его хотят закрыть и оцепить окружность, чтобы найти этого преступника, ладно, пойдёмте уже отсюдого, а то за ваши выходки, ещё посчитают вас теми, кто картину испортил.\",text_person,0
196,177,Ронн,\"Действительно, идёмте.\",text_person,0
197,177,Клэр,\"Как прогулялся Ронн?\",text_person,0
198,177,Ронн,\"Всё было великолепно!\",text_person,0
199,177,Джоанна,\"Хе хе, он лжёт, ему было скучно со мной.\",text_person,0
200,177,Клэр,\"Естественно, ведь рядом не было меня)))\",text_person,0
201,177,Автор,\"КОНЕЦ ИГРЫ\",text_author,0
202,177,Выбор,\"Начать сначала\",button,0
203,178,Автор,\"Вы хватаете Анну за руку.\",text_author,0
204,178,Вы,\"Доверься мне!\",text_user,0
205,178,Анна,\"Я и никогда не сомневалась.\",text_person,0
206,178,Автор,\"В 383 кабинете помимо восковых фигур, были жилища ранних времён народов Восточной и Центральной Азии.\",text_author,0
207,178,Автор,\"Строение представляла собой цилиндрическую сферу с конусообразным вырезом сверху.\",text_author,0
208,178,Автор,\"Здесь мы и спрятались.\",text_author,0
209,178,Автор,\"Было тесно.\",text_author,0
210,178,Анна,\"Ахх...\",text_person,0
211,178,Вы,\"Что такое?\",text_user,0
212,178,Автор,\"Анна целует вас.\",text_author,0
213,178,Автор,\"Целует шею, щёки.\",text_author,0
214,178,Анна,\"Разве тебя это не возбуждает? Тут так тесно...\",text_person,0
215,178,Выбор,\"Продолжить\",button,0
216,178,Выбор,\"Остановить Анну\",button,0
217,215,Вы,\"Ещё как возбуждает...\",text_user,0
218,215,Автор,\"Неначавшиеся поцелуи прервал звонок Стивена\",text_author,0
219,215,Вы,\"Как ты не вовремя, Стивен.\",text_user,0
220,215,Автор,\"Анна ухмылнулась и продолжает целовать вашу шею пока вы разговариваете\",text_author,0
221,215,Вы,\"Алло?\",text_user,0
222,215,Стивен,\"Алло!\",text_person,0
223,215,Вы,\"Чего ты так громко, Стив? Что случилось?\",text_user,0
224,215,Стивен,\"Это ты шёпотом говришь! Что за тяжёлые вздохи? Ты где вообще?\",text_person,0
225,215,Вы,\"Неважно, говори, зачем звонил?\",text_user,0
226,215,Стивен,\"Вообщем кто-то изрезал картину «Данаи» и всех выгоняют, хотел удостовериться, что вы тоже слышали.\",text_person,0
227,215,Вы,\"Нам никто не сказал!\",text_user,0
228,215,Анна,\"Всё в порядке, дорогой?\",text_person,0
229,215,Стивен,\"Музей хотят закрыть и оцепить окружность, чтобы найти этого преступника, мы все уже здесь, так что выходите, мы ждём.\",text_person,0
230,215,Вы,\"Понял тебя, мы уже выходим.\",text_user,0
231,215,Анна,\"Что случилось?\",text_person,0
232,215,Вы,\"Нам нужно уходить, как можно скорей.\",text_user,0
233,215,Анна,\"Так ты мне скажешь, что стряслось?!\",text_person,0
234,215,Вы,\"(поцеловав Анну) По дороге всё расскажу, идём.\",text_user,0
235,215,Автор,\"Проверив что никого больше нет в коридоре, и вас никто не видет, потому что это принесло бы много подозрительных вопросов, вы направляетесь к лестнице\",text_author,0
236,215,Анна,\"Нас что? Заперли?\",text_person,0
237,215,Вы,\"Ха, забавно! Стивен говорил что нужно поторапливаться, а я...\",text_user,0
238,215,Анна,\"Что он говорил?! ТАК РАССКАЗЫВАЙ! Я ВООБЩЕ НИЧЕГО НЕ ПОНИМАЮ!\",text_person,0
239,215,Вы,\"Кто-то изрезал картину «Данаи» и всех выгоняют из музея, так как его хотят закрыть и оцепить окружность, чтобы найти этого преступника.\",text_user,0
240,215,Анна,\"А мы с тобой значит застряли здесь? Надо позвать кого-нибудь на помощь, так, я за своим телефоном, кажется я его оставила там.\",text_person,0
241,215,Вы,\"Будь здесь, я сбегаю.\",text_user,0
242,215,Анна,\"Только быстро, здесь становится жутко.\",text_person,0
243,215,Автор,\"Прокричав вашу коронную фразу «Одна нога здесь – другая там», вы ринулись в ту секцию, где находились минутой ранее и забрав вывалившийся телефон Анны устремились назад к ней\",text_author,0
244,215,Вы,\"Анна, у тебя пропущенный от... Анна, что с тобой? АННА! НЕТ! ДОРОГАЯ! НЕТ! НЕТ! ЭТОГО НЕ МОЖЕТ БЫТЬ!\",text_user,0
245,215,Автор,\"Анна лежала на полу с полностью изуродованным лицом, её руки были сломанны в локтях, из-за чего она приняла необычную позу, кровь расстекалась от её рта, покрывая большую площадь вокруг её тела на полу. Она поддёргивалась, но из-за темноты было не разобрать что она хотела в тот момент сказать, она плакала...\",text_author,0
246,215,Вы,\"(бья руками по полу) Анна! АННА! НЕТ! НЕТ! НЕТ!\",text_user,0
247,215,Убийца,\"Смотри сюда!\",text_person,0
248,215,Вы,\"Кто это?!\",text_user,0
249,215,Автор,\"В утренних новостях был репортаж о зверском расчленении двух подростков в Санкт-Петербургском музее искусства. Тела двух подростков были расчлененны на части, а наличие кучи ножевых ранений и синяков свидетельствует о наличии у преступника холодного оружия. Следствие ведёт расследование на протяжении двух суток, но пока, без результатно. Тела погибших переданны в органы расследования, а убийца так ещё не найден, мы передаём наши соболезнования всем их друзьям и знакомым, а так же родителям пострадавших...\",text_author,0
250,215,Автор,\"К другим новостям\",text_author,0
251,215,Автор,\"Пропала легендарная восковая фигура Петра перво...\",text_author,0
252,215,Автор,\"КОНЕЦ ИГРЫ\",text_author,0
253,215,Выбор,\"Начать сначала\",button,0
254,216,Вы,\"Ещё как возбуждает... Но нам надо идти, по-моему он ушёл\",text_user,0
255,216,Автор,\"Оценив всю значимость происходящего и возможные последствия, Анна не возмущалась, а лишь крепко держала вас за руку, желая быстрее окинуть это место\",text_author,0
256,216,Автор,\"Вы хватаете Анну за руку\",text_author,0
257,216,Вы,\"Ты можешь бежать?\",text_user,0
258,216,Анна,\"Сомневаешься?))\",text_person,0
259,216,Охрана,\"СТОЯТЬ!\",text_person,0
260,216,Вы,\"Тогда держись!\",text_user,0
261,216,Автор,\"Обегая секцию за секцией, на останавливаясь ни на секунду, с улыбкой на лицо, вы с Анной, выбегаете из Эрмитажа, где собрались и стоят все остальные ваши друзья.\",text_author,0
262,216,Ронн,\"Воу воу, вы чего такие? Откудого?\",text_person,0
263,216,Джоанна,\"Что случилось, за вами кто-то гнался?\",text_person,0
264,216,Автор,\"Больше всего вас смешило не покрасневшее лицо от всего случившегося на этом незабываемом третьем этаже Эрмитажа, а от лиц ваших друзей, что так серьёзно глядели на вас обоих в ожидании ответа.\",text_author,0
265,216,Вы,\"(сквозь тяжелое дыхание) Мы фоттографировались с... экспанатом... фууух... а потом.... охх... дайте отдышаться ребята\",text_user,0
266,216,Анна,\"(смеясь) А потом мы убегали от охраника, я в жизни столько ступенек не видела.\",text_person,0
267,216,Клэр,\"Ну вы ребята напугали, и всего то.\",text_person,0
268,216,Джоанна,\"Мы уж подумали что это вы изрезали картину «Данаи»\",text_person,0
269,216,Анна,\"Картину?\",text_person,0
270,216,Джоанна,\"Да, наверное этот человек хотел вас просто выпроводить, а вы от него убежали!\",text_person,0
271,216,Автор,\"Повторная волна смеха окутала всех\",text_author,0
272,216,Стивен,\"Кто-то изрезал картину «Данаи» и всех выгоняют из музея, так как его хотят закрыть и оцепить окружность, чтобы найти этого преступника, ладно, пойдёмте уже отсюдого, а то за ваши выходки, ещё посчитают вас теми, кто картину испортил.\",text_person,0
273,216,Ронн,\"Действительно, идёмте.\",text_person,0
274,216,Клэр,\"Как прогулялся Ронн?\",text_person,0
275,216,Ронн,\"Всё было великолепно!\",text_person,0
276,216,Джоанна,\"Хе хе, он лжёт, ему было скучно со мной.\",text_person,0
277,216,Клэр,\"Естественно, ведь рядом не было меня)))\",text_person,0
278,216,Автор,\"КОНЕЦ ИГРЫ\",text_author,0
279,216,Выбор,\"Начать сначала\",button,0
280,64,Вы,\"Анна, идём вместе, нам лучше покинуть это место прямо сейчас.\",text_user,0
281,64,Анна,\"Пфф, не уж то испугался, мальчишка\",text_person,0
282,64,Автор,\"Анна обняла вас за руку\",text_author,0
283,64,Анна,\"Как скажешь, дорогой.\",text_person,0
284,64,Автор,\"Двигаясь в сторону выхода, и спускаясь на второй этаж музея вы встречаете охраника\",text_author,0
285,64,Автор,\"Он светит вам фонариком в лица\",text_author,0
286,64,Автор,\"Начинается один не из самых приятных разговоров\",text_author,0
287,64,Охрана,\"Стоять,  Что вы там делали?\",text_person,0
288,64,Автор,\"Пытаясь сказать что-либо на ломанном русском\",text_author,0
289,64,Вы,\"Я смотреть картины, люди!\",text_user,0
290,64,Автор,\"Охраник ухмыльнувшись продолжил допрос только уже на знакомом языке для вас\",text_author,0
291,64,Охрана,\"Забрели не туда, да? Туристы?!\",text_person,0
292,64,Вы,\"Да мы потеряли своих друзей и уже уходим.\",text_user,0
293,64,Охрана,\"И правильно делаете, в музее орудует преступник, он порезал очень дооргую картину. Прям ножом! Представляешь!? БАМ! БАМ! И огромные куски полотна висят! \",text_person,0
294,64,Вы,\"Вы нас подозреваете? Мы не совершали этого!\",text_user,0
295,64,Охрана,\"По вам видно, что это не вы, такие напуганные, тем более мы давно перекрыли все входы и выходы, преступник остался внутри, большое счастье, что вы не пострадали!\",text_person,0
296,64,Вы,\"Но почему нас не эвакуировали? Нас никто не уведомил.\",text_user,0
297,64,Автор,\"Анна с раздражением дополнила\",text_author,0
298,64,Анна,\"ДА! Никто не сказал нам, что здесь орудует преступник!\",text_person,0
299,64,Охрана,\"Я понимаю вас мэм, пожалуйста, сейчас не время выяснять отношения, я сопровожу вас к выходу, следуйте за мной!\",text_person,0
300,64,Вы,\"Идём дорогая.\",text_user,0
301,64,Автор,\"Спускаясь вниз по лестнице, мы быстрым шагом и уверенно отправлялись к выходу, каждая секция, что отделяла этаж от лестницы была заперта изнутри. 2 – 3 – 2. Последовательность таких стуков по дверям давала знать, что с другой стороны идут свои, двери открылись, мы шли дальше.\",text_author,0
302,64,Автор,\"И вновь Тук-тук, тук-тук-тук, тук-тук...\",text_author,0
303,64,Автор,\"Ещё пару пролётов и мы были у выхода, где был весь наш коллектив.\",text_author,0
304,64,Автор,\"Увидав, что мы прибыли с «экскортом», Стивен, как староста группы, поздаровался с охранником и на таком же, не особо отличавшемся от моего ломанном русском спросил\",text_author,0
305,64,Стивен,\"Какие проблемы офицер?\",text_person,0
306,64,Автор,\"Охраник же на английском\",text_author,0
307,64,Охрана,\"Нет никаких проблем, забирайте своих товарищей и храни вас господь, чудо что вы живы!\",text_person,0
308,64,Автор,\"Стивен немного приофигел, но отблагодарил офицера и пытаясь успокоить самого себя и свой голос, очень громко, но шёпотом спросил\",text_author,0
309,64,Стивен,\"КАКОГО ХРЕЕЕЕЕЕНА? Что случилось?\",text_person,0
310,64,Анна,\"Мы потерялись, но потом нашли выход, а потом нас встретили и вывели.\",text_person,0
311,64,Стивен,\"Анна! АННА БЛИН! ЧТООООО? \",text_person,0
312,64,Клэр,\"Стивен хотел уже вас похоронить, так как узнав, что в музее орудует вооружённый преступник очень распереживался, проверьте свои телефоны.\",text_person,0
313,64,Автор,\"Вы с Анной просматриваете свои телефоны\",text_author,0
314,64,Автор,\"У Анны и у вас по 5 пропущенных вызовов\",text_author,0
315,64,Ронн,\"Главное вы целы!\",text_person,0
316,64,Стивен,\"ЧУВАААААК! Я ТЕБЯ ЩАС САМ УРОЮ!\",text_person,0
317,64,Автор,\"Волна смеха накрыла всех, разобравшись конкретно в происходящем, мы все отправились в отель, что снял для нас Стивен.\",text_author,0
318,64,Автор,\"Джоанна на последок\",text_author,0
319,64,Джоанна,\"Знаете что всё же самое запоминающееся?\",text_person,0
320,64,Клэр,\"К примеру?\",text_person,0
321,64,Джоанна,\"Это английский того офицера!\",text_person,0
322,64,Вы,\"Или бедный русский Стивена!\",text_user,0
323,64,Автор,\"Улыбка Стивена раскатилась по всему лицу, он ударил вас по спине.\",text_author,0
324,64,Стивен,\"Я говорю вообще то без акцента!))\",text_person,0
325,64,Анна,\"Это действительно было интересно.\",text_person,0
326,64,Автор,\"КОНЕЦ ИГРЫ\",text_author,0
327,64,Выбор,\"Начать сначала\",button,0
328,44,Вы,\"Анна, давай позвоним остальным? Спросим как у них обстоят дела?\",text_user,0
329,44,Анна,\"Ну давай\",text_person,0
330,44,Автор,\"Открываете адресную книгу\",text_author,0
331,44,Анна,\"Почему у тебя тут так много жёнских имён? А?!\",text_person,0
332,44,Вы,\"Ты ревнуешь?)\",text_user,0
333,44,Анна,\"Звони уже\",text_person,0
334,44,Выбор,\"Ронни и Джоанна\",button,0
335,44,Выбор,\"Клэр и Стивен\",button,0
336,334,Вы,\"Мне любопытно, как там Ронн, я наберу его.\",text_user,0
337,334,Анна,\"Потому что это единственный мужской номер?!\",text_person,0
338,334,Вы,\"Алло Ронн, как вы там?\",text_user,0
339,334,Ронн,\"Мы пересеклись со Стивеном и Клэр... мда... они поднялись куда-то наверх, а мы сейчас идём обратно в ту сторону, откудого разошлись в начале.\",text_person,0
340,334,Автор,\"Всё это время Анна прислонившись к вам, слушала ваш разговор.\",text_author,0
341,334,Автор,\"Выхватив телефон, Анна говорит\",text_author,0
342,334,Анна,\"Здорово, мы тоже тогда к вам, здесь не так интересно.\",text_person,0
343,334,Ронн,\"Мы уже идём.\",text_person,0
344,334,Анна,\"Держи, пошли их встречать?\",text_person,0
345,334,Вы,\"Идём.\",text_user,0
346,334,Автор,\"Увидав из толпы тянущуюся вверх руку и машущую вам, вы встретились таки с Ронном и Джоанной\",text_author,0
347,334,Автор,\"Пока вдруг коридор не наполнело вновь людьми, и теперь даже стоять было некомфортно, слишком тесно\",text_author,0
348,334,Автор,\"Появились охраники и люди в униформе\",text_author,0
349,334,Автор,\"Сказав речь на русском, мужчина повторил на английском\",text_author,0
350,334,Охрана,\"Прошу всех внимания! На втором этаже было произведено преступление. Пострадала к счастью картина, а не человек, но это не отменяет факт того, что преступник вооружен и может быть опасен, на картине остались следы от применения холодного оружия!\",text_person,0
351,334,Джоанна,\"Какой кошмар! А ведь Клэр и Стивен сейчас где-то наверху!\",text_person,0
352,334,Анна,\"Позвоните им срочно!\",text_person,0
353,334,Охрана,\"Музей оцеплён, всех тех, кто остался там, мы выпроводим, сохраняйте спокойствие и не поднимайте панику!\",text_person,0
354,334,Автор,\"Вы набрали номер Стивена, но никто не поднимает. Клэр – то же самое. Вторая попытка, Стивен – нет. Клэр – нет.\",text_author,0
355,334,Вы,\"Не отвечают.\",text_user,0
356,334,Ронн,\"Сестра там! Я не могу быть здесь! ПРОПУСТИТЕ!\",text_person,0
357,334,Джоанна,\"Ронн! Стой! Там люди, их выводят видишь! Не переживай, сейчас и твоя сестра тоже выйдет.\",text_person,0
358,334,Автор,\"Мы ждали минуту за минутой, час за часом, пока всех людей не вывели\",text_author,0
359,334,Автор,\"В конце показались носилки - это были трупы людей\",text_author,0
360,334,Автор,\"Мы не могли в это поверить...\",text_author,0
361,334,Ронн,\"Я ненавижу вас всех! СЕСТРА! НЕЕЕТ! Стивен! Почему вы! НЕ Е ЕТ....\",text_person,0
362,334,Автор,\"Лицо Джоанны и Анны полностью поблекло, это были самые худшие каникулы в нашей жизни\",text_author,0
363,334,Автор,\"В утренних новостях был репортаж о зверском расчленении двух подростков в Санкт-Петербургском музее искусства. Тела двух подростков были расчлененны на части, а наличие кучи ножевых ранений и синяков свидетельствует о наличии у преступника холодного оружия. Следствие ведёт расследование на протяжении двух суток, но пока, без результатно. Тела погибших переданны в органы расследования, а убийца так ещё не найден, мы передаём наши соболезнования всем их друзьям и знакомым, а так же родителям пострадавших...\",text_author,0
364,334,Автор,\"К другим новостям\",text_author,0
365,334,Автор,\"Пропала легендарная восковая фигура Петра перво...\",text_author,0
366,334,Автор,\"КОНЕЦ ИГРЫ\",text_author,0
367,334,Выбор,\"Начать сначала\",button,0
368,335,Вы,\"Мне любопытно, как там Клэр, я наберу её.\",text_user,0
369,335,Анна,\"Хорошо, давай!\",text_person,0
370,335,Стивен,\"Алло...\",text_person,0
371,335,Вы,\"Стив! Почему тебя так плохно слышно? И почему ты отвечаешь через телефон Клэр?\",text_user,0
372,335,Стивен,\"Может ты так орёшь? Ты немного не во время приятель...\",text_person,0
373,335,Вы,\"Я всё понял, хорошо, созвонимся позже)\",text_user,0
374,335,Анна,\"Ну как они там?\",text_person,0
375,335,Вы,\"Ну они не скучают, Мне любопытно, как там Ронн, я наебру его.\",text_user,0
376,335,Вы,\"Алло Ронн, как вы там?\",text_user,0
377,335,Ронн,\"Мы пересеклись со Стивеном и Клэр... мда... они поднялись куда-то наверх, а мы сейчас идём обратно в ту сторону, откудого разошлись в начале.\",text_person,0
378,335,Автор,\"Всё это время Анна прислонившись к вам, слушала ваш разговор.\",text_author,0
379,335,Автор,\"Выхватив телефон, Анна говорит\",text_author,0
380,335,Анна,\"Здорово, мы тоже тогда к вам, здесь не так интересно.\",text_person,0
381,335,Ронн,\"Мы уже идём.\",text_person,0
382,335,Анна,\"Держи, пошли их встречать?\",text_person,0
383,335,Вы,\"Идём.\",text_user,0
384,335,Автор,\"Увидав из толпы тянущуюся вверх руку и машущую вам, вы встретились таки с Ронном и Джоанной\",text_author,0
385,335,Автор,\"Пока вдруг коридор не наполнело вновь людьми, и теперь даже стоять было некомфортно, слишком тесно\",text_author,0
386,335,Автор,\"Появились охраники и люди в униформе\",text_author,0
387,335,Автор,\"Сказав речь на русском, мужчина повторил на английском\",text_author,0
388,335,Охрана,\"Прошу всех внимания! На втором этаже было произведено преступление. Пострадала к счастью картина, а не человек, но это не отменяет факт того, что преступник вооружен и может быть опасен, на картине остались следы от применения холодного оружия!\",text_person,0
389,335,Джоанна,\"Какой кошмар! А ведь Клэр и Стивен сейчас где-то наверху!\",text_person,0
390,335,Анна,\"Позвоните им срочно!\",text_person,0
391,335,Охрана,\"Музей оцеплён, всех тех, кто остался там, мы выпроводим, сохраняйте спокойствие и не поднимайте панику!\",text_person,0
392,335,Автор,\"Вы набрали номер Стивена, но никто не поднимает. Клэр – то же самое. Вторая попытка, Стивен – нет. Клэр – нет.\",text_author,0
393,335,Вы,\"Не отвечают.\",text_user,0
394,335,Ронн,\"Сестра там! Я не могу быть здесь! ПРОПУСТИТЕ!\",text_person,0
395,335,Джоанна,\"Ронн! Стой! Там люди, их выводят видишь! Не переживай, сейчас и твоя сестра тоже выйдет.\",text_person,0
396,335,Автор,\"Мы ждали минуту за минутой, час за часом, пока всех людей не вывели\",text_author,0
397,335,Автор,\"В конце показались носилки - это были трупы людей\",text_author,0
398,335,Автор,\"Мы не могли в это поверить...\",text_author,0
399,335,Ронн,\"Я ненавижу вас всех! СЕСТРА! НЕЕЕТ! Стивен! Почему вы! НЕ Е ЕТ....\",text_person,0
400,335,Автор,\"Лицо Джоанны и Анны полностью поблекло, это были самые худшие каникулы в нашей жизни\",text_author,0
401,335,Автор,\"В утренних новостях был репортаж о зверском расчленении двух подростков в Санкт-Петербургском музее искусства. Тела двух подростков были расчлененны на части, а наличие кучи ножевых ранений и синяков свидетельствует о наличии у преступника холодного оружия. Следствие ведёт расследование на протяжении двух суток, но пока, без результатно. Тела погибших переданны в органы расследования, а убийца так ещё не найден, мы передаём наши соболезнования всем их друзьям и знакомым, а так же родителям пострадавших...\",text_author,0
402,335,Автор,\"К другим новостям\",text_author,0
403,335,Автор,\"Пропала легендарная восковая фигура Петра перво...\",text_author,0
404,335,Автор,\"КОНЕЦ ИГРЫ\",text_author,0
405,335,Выбор,\"Начать сначала\",button,0
406,45,Вы,\"Слушай, Анна, как насчёт страшилки?\",text_user,0
407,45,Анна,\"Я тебя умоляю, меня в этом здании напугает лишь лицо Ронна, всё таки повстречавшее макет Наполеона) А так, если честно, я ничего не боюсь.\",text_person,0
408,45,Вы,\"Даже так? Позволь мне кое-что показать!\",text_user,0
409,45,Анна,\"Удиви меня!\",text_person,0
410,45,Автор,\"Вы схватили Анну за руку и повели в секцию\",text_author,0
411,45,Вы,\"Где-то здесь можно найти один из древнейших египетских памятников на территории России - статую богини войны и воздаяния, гневную Мут-Сохмет.\",text_user,0
412,45,Анна,\"Ууу как страшно!\",text_person,0
413,45,Вы,\"Слушай. Согласно мифу, кровожадная богиня решила уничтожить род человеческий. Боги решили спасти людей: они разлили перед богиней подкрашенное в красный цвет пиво, которое Мут-Сохмет приняла за человеческую кровь. Выпила – и успокоилась. Однако, легенда Эрмитажа уверяет, что опасность для людей все еще сохраняется. Якобы, ежегодно в полнолуние на коленях богини появляется красноватая лужица. По другой версии – ноги богини покрываются странным красноватым влажным налетом всякий раз, когда Россию ожидают очередные неприятности, беды, катастрофы.\",text_user,0
414,45,Анна,\"Это больше походит на сказочки на ночь, вовсе не страшно. Да и выглядит она весьма чиста, никакого «налёта». А когда это хотя бы в последний раз было то?\",text_person,0
415,45,Вы,\"Последний раз налет, якобы, был обнаружен в 1991 году.\",text_user,0
416,45,Анна,\"И мы пришли сюда ради этого?\",text_person,0
417,45,Автор,\"Анна схватила вас за руку\",text_author,0
418,45,Анна,\"Идём, я покажу тебе кое-что более жуткое\",text_person,0
419,45,Автор,\"Вы поднялись  с Анной на третий этаж Эрмитажа\",text_author,0
420,45,Анна,\"Вот, взгляни! Помнишь я тебе рассказывала о приведениях и жутких духах в Эрмитаже?!\",text_person,0
421,45,Вы,\"Неее....\",text_user,0
422,45,Анна,\"Так вот, смотри это восковая фигура Петра 1го, есть много забавных историй о нём, говрят, что некогда, некоторые люди замечали что Петр 1ый встаёт и кланяется прохожим, а затем указывал на дверь, видимо, намекая на то, что гостям «пора и честь знать». Забавно не так ли?\",text_person,0
423,45,Вы,\"Больше жутко, чем забавно.\",text_user,0
424,45,Автор,\"Кладя руку на его ногу\",text_author,0
425,45,Вы,\"Но он же восковый, в нём нет никаких шестерёнок или что-то вроде этого...\",text_user,0
426,45,Анна,\"Вот именно! Однако в 20 столетии в ходе реставрации внутри фигуры были обнаружены шарниры, которые позволяли сажать в кресло и ставить фигуру Петра. Однако, никакого механизма, который бы позволял царю самостоятельно двигаться, обнаружено не было. Кому-то доказательства показались неубедительными, кому-то – не захотелось терять очередную красивую легенду, поэтому эта история жива и сущетсвует.\",text_person,0
427,45,Вы,\"Да, забавно, а это пятно, похоже на кровь?\",text_user,0
428,45,Анна,\"Думаю во время реставрации кто то из рабочих поранился, а они не заметили. Дорогой, сфотографируй меня с ним! Давай же!\",text_person,0
429,45,Вы,\"Ладно ладно, и.... готово!\",text_user,0
430,45,Автор,\"Громкий, распространяющийся эхом голос донёсса до вас\",text_author,0
431,45,Охрана,\"ЭЙ ВЫ!\",text_person,0
432,45,Анна,\"Охрана?\",text_person,0
433,45,Выбор,\"Бежать\",button,0
434,45,Выбор,\"Спрятаться\",button,0
435,433,Автор,\"Вы хватаете Анну за руку\",text_author,0
436,433,Вы,\"Ты можешь бежать?\",text_user,0
437,433,Анна,\"Сомневаешься?))\",text_person,0
438,433,Охрана,\"СТОЯТЬ!\",text_person,0
439,433,Вы,\"Тогда держись!\",text_user,0
440,433,Автор,\"Обегая секцию за секцией, на останавливаясь ни на секунду, с улыбкой на лицо, вы с Анной, выбегаете из Эрмитажа, где собрались и стоят все остальные ваши друзья.\",text_author,0
441,433,Ронн,\"Воу воу, вы чего такие? Откудого?\",text_person,0
442,433,Джоанна,\"Что случилось, за вами кто-то гнался?\",text_person,0
443,433,Автор,\"Больше всего вас смешило не покрасневшее лицо от всего случившегося на этом незабываемом третьем этаже Эрмитажа, а от лиц ваших друзей, что так серьёзно глядели на вас обоих в ожидании ответа.\",text_author,0
444,433,Вы,\"(сквозь тяжелое дыхание) Мы фоттографировались с... экспанатом... фууух... а потом.... охх... дайте отдышаться ребята\",text_user,0
445,433,Анна,\"(смеясь) А потом мы убегали от охраника, я в жизни столько ступенек не видела.\",text_person,0
446,433,Клэр,\"Ну вы ребята напугали, и всего то.\",text_person,0
447,433,Джоанна,\"Мы уж подумали что это вы изрезали картину «Данаи»\",text_person,0
448,433,Анна,\"Картину?\",text_person,0
449,433,Джоанна,\"Да, наверное этот человек хотел вас просто выпроводить, а вы от него убежали!\",text_person,0
450,433,Автор,\"Повторная волна смеха окутала всех\",text_author,0
451,433,Стивен,\"Кто-то изрезал картину «Данаи» и всех выгоняют из музея, так как его хотят закрыть и оцепить окружность, чтобы найти этого преступника, ладно, пойдёмте уже отсюдого, а то за ваши выходки, ещё посчитают вас теми, кто картину испортил.\",text_person,0
452,433,Ронн,\"Действительно, идёмте.\",text_person,0
453,433,Клэр,\"Как прогулялся Ронн?\",text_person,0
454,433,Ронн,\"Всё было великолепно!\",text_person,0
455,433,Джоанна,\"Хе хе, он лжёт, ему было скучно со мной.\",text_person,0
456,433,Клэр,\"Естественно, ведь рядом не было меня)))\",text_person,0
457,433,Автор,\"КОНЕЦ ИГРЫ\",text_author,0
458,433,Выбор,\"Начать сначала\",button,0
459,434,Автор,\"Вы хватаете Анну за руку.\",text_author,0
460,434,Вы,\"Доверься мне!\",text_user,0
461,434,Анна,\"Я и никогда не сомневалась.\",text_person,0
462,434,Автор,\"В 383 кабинете помимо восковых фигур, были жилища ранних времён народов Восточной и Центральной Азии.\",text_author,0
463,434,Автор,\"Строение представляла собой цилиндрическую сферу с конусообразным вырезом сверху.\",text_author,0
464,434,Автор,\"Здесь мы и спрятались.\",text_author,0
465,434,Автор,\"Было тесно.\",text_author,0
466,434,Анна,\"Ахх...\",text_person,0
467,434,Вы,\"Что такое?\",text_user,0
468,434,Автор,\"Анна целует вас.\",text_author,0
469,434,Автор,\"Целует шею, щёки.\",text_author,0
470,434,Анна,\"Разве тебя это не возбуждает? Тут так тесно...\",text_person,0
471,434,Выбор,\"Продолжить\",button,0
472,434,Выбор,\"Остановить Анну\",button,0
473,471,Вы,\"Ещё как возбуждает...\",text_user,0
474,471,Автор,\"Неначавшиеся поцелуи прервал звонок Стивена\",text_author,0
475,471,Вы,\"Как ты не вовремя, Стивен.\",text_user,0
476,471,Автор,\"Анна ухмылнулась и продолжает целовать вашу шею пока вы разговариваете\",text_author,0
477,471,Вы,\"Алло?\",text_user,0
478,471,Стивен,\"Алло!\",text_person,0
479,471,Вы,\"Чего ты так громко, Стив? Что случилось?\",text_user,0
480,471,Стивен,\"Это ты шёпотом говришь! Что за тяжёлые вздохи? Ты где вообще?\",text_person,0
481,471,Вы,\"Неважно, говори, зачем звонил?\",text_user,0
482,471,Стивен,\"Вообщем кто-то изрезал картину «Данаи» и всех выгоняют, хотел удостовериться, что вы тоже слышали.\",text_person,0
483,471,Вы,\"Нам никто не сказал!\",text_user,0
484,471,Анна,\"Всё в порядке, дорогой?\",text_person,0
485,471,Стивен,\"Музей хотят закрыть и оцепить окружность, чтобы найти этого преступника, мы все уже здесь, так что выходите, мы ждём.\",text_person,0
486,471,Вы,\"Понял тебя, мы уже выходим.\",text_user,0
487,471,Анна,\"Что случилось?\",text_person,0
488,471,Вы,\"Нам нужно уходить, как можно скорей.\",text_user,0
489,471,Анна,\"Так ты мне скажешь, что стряслось?!\",text_person,0
490,471,Вы,\"(поцеловав Анну) По дороге всё расскажу, идём.\",text_user,0
491,471,Автор,\"Проверив что никого больше нет в коридоре, и вас никто не видет, потому что это принесло бы много подозрительных вопросов, вы направляетесь к лестнице\",text_author,0
492,471,Анна,\"Нас что? Заперли?\",text_person,0
493,471,Вы,\"Ха, забавно! Стивен говорил что нужно поторапливаться, а я...\",text_user,0
494,471,Анна,\"Что он говорил?! ТАК РАССКАЗЫВАЙ! Я ВООБЩЕ НИЧЕГО НЕ ПОНИМАЮ!\",text_person,0
495,471,Вы,\"Кто-то изрезал картину «Данаи» и всех выгоняют из музея, так как его хотят закрыть и оцепить окружность, чтобы найти этого преступника.\",text_user,0
496,471,Анна,\"А мы с тобой значит застряли здесь? Надо позвать кого-нибудь на помощь, так, я за своим телефоном, кажется я его оставила там.\",text_person,0
497,471,Вы,\"Будь здесь, я сбегаю.\",text_user,0
498,471,Анна,\"Только быстро, здесь становится жутко.\",text_person,0
499,471,Автор,\"Прокричав вашу коронную фразу «Одна нога здесь – другая там», вы ринулись в ту секцию, где находились минутой ранее и забрав вывалившийся телефон Анны устремились назад к ней\",text_author,0
500,471,Вы,\"Анна, у тебя пропущенный от... Анна, что с тобой? АННА! НЕТ! ДОРОГАЯ! НЕТ! НЕТ! ЭТОГО НЕ МОЖЕТ БЫТЬ!\",text_user,0
501,471,Автор,\"Анна лежала на полу с полностью изуродованным лицом, её руки были сломанны в локтях, из-за чего она приняла необычную позу, кровь расстекалась от её рта, покрывая большую площадь вокруг её тела на полу. Она поддёргивалась, но из-за темноты было не разобрать что она хотела в тот момент сказать, она плакала...\",text_author,0
502,471,Вы,\"(бья руками по полу) Анна! АННА! НЕТ! НЕТ! НЕТ!\",text_user,0
503,471,Убийца,\"Смотри сюда!\",text_person,0
504,471,Вы,\"Кто это?!\",text_user,0
505,471,Автор,\"В утренних новостях был репортаж о зверском расчленении двух подростков в Санкт-Петербургском музее искусства. Тела двух подростков были расчлененны на части, а наличие кучи ножевых ранений и синяков свидетельствует о наличии у преступника холодного оружия. Следствие ведёт расследование на протяжении двух суток, но пока, без результатно. Тела погибших переданны в органы расследования, а убийца так ещё не найден, мы передаём наши соболезнования всем их друзьям и знакомым, а так же родителям пострадавших...\",text_author,0
506,471,Автор,\"К другим новостям\",text_author,0
507,471,Автор,\"Пропала легендарная восковая фигура Петра перво...\",text_author,0
508,471,Автор,\"КОНЕЦ ИГРЫ\",text_author,0
509,471,Выбор,\"Начать сначала\",button,0
510,472,Вы,\"Ещё как возбуждает... Но нам надо идти, по-моему он ушёл\",text_user,0
511,472,Автор,\"Оценив всю значимость происходящего и возможные последствия, Анна не возмущалась, а лишь крепко держала вас за руку, желая быстрее окинуть это место\",text_author,0
512,472,Автор,\"Вы хватаете Анну за руку\",text_author,0
513,472,Вы,\"Ты можешь бежать?\",text_user,0
514,472,Анна,\"Сомневаешься?))\",text_person,0
515,472,Охрана,\"СТОЯТЬ!\",text_person,0
516,472,Вы,\"Тогда держись!\",text_user,0
517,472,Автор,\"Обегая секцию за секцией, на останавливаясь ни на секунду, с улыбкой на лицо, вы с Анной, выбегаете из Эрмитажа, где собрались и стоят все остальные ваши друзья.\",text_author,0
518,472,Ронн,\"Воу воу, вы чего такие? Откудого?\",text_person,0
519,472,Джоанна,\"Что случилось, за вами кто-то гнался?\",text_person,0
520,472,Автор,\"Больше всего вас смешило не покрасневшее лицо от всего случившегося на этом незабываемом третьем этаже Эрмитажа, а от лиц ваших друзей, что так серьёзно глядели на вас обоих в ожидании ответа.\",text_author,0
521,472,Вы,\"(сквозь тяжелое дыхание) Мы фоттографировались с... экспанатом... фууух... а потом.... охх... дайте отдышаться ребята\",text_user,0
522,472,Анна,\"(смеясь) А потом мы убегали от охраника, я в жизни столько ступенек не видела.\",text_person,0
523,472,Клэр,\"Ну вы ребята напугали, и всего то.\",text_person,0
524,472,Джоанна,\"Мы уж подумали что это вы изрезали картину «Данаи»\",text_person,0
525,472,Анна,\"Картину?\",text_person,0
526,472,Джоанна,\"Да, наверное этот человек хотел вас просто выпроводить, а вы от него убежали!\",text_person,0
527,472,Автор,\"Повторная волна смеха окутала всех\",text_author,0
528,472,Стивен,\"Кто-то изрезал картину «Данаи» и всех выгоняют из музея, так как его хотят закрыть и оцепить окружность, чтобы найти этого преступника, ладно, пойдёмте уже отсюдого, а то за ваши выходки, ещё посчитают вас теми, кто картину испортил.\",text_person,0
529,472,Ронн,\"Действительно, идёмте.\",text_person,0
530,472,Клэр,\"Как прогулялся Ронн?\",text_person,0
531,472,Ронн,\"Всё было великолепно!\",text_person,0
532,472,Джоанна,\"Хе хе, он лжёт, ему было скучно со мной.\",text_person,0
533,472,Клэр,\"Естественно, ведь рядом не было меня)))\",text_person,0
534,472,Автор,\"КОНЕЦ ИГРЫ\",text_author,0
535,472,Выбор,\"Начать сначала\",button,0
536,46,Вы,\"Анна гляди, здесь есть экскурсовод, может послушаем их?\",text_user,0
537,46,Анна,\"Ты предлагаешь идти за этими детьми?\",text_person,0
538,46,Вы,\"Дааа)\",text_user,0
539,46,Анна,\"Ну это будет куда интереснее я пологаю.\",text_person,0
540,46,Автор,\"Пройдя пару метров от места вашего одиночного прибывания с Анной, вы вместе с группой добрались до секции, посвящённому древнему Египту\",text_author,0
541,46,Гид,\"Внимание, дети, здесь один из древнейших египетских памятников на территории России – статуя богини войны и воздаяния, гневную Мут-Сохмет.\",text_person,0
542,46,Анна,\"Ууу как страшно!\",text_person,0
543,46,Гид,\"Согласно мифу, кровожадная богиня решила уничтожить род человеческий. Боги решили спасти людей: они разлили перед богиней подкрашенное в красный цвет пиво, которое Мут-Сохмет приняла за человеческую кровь. Выпила – и успокоилась. Однако, легенда Эрмитажа уверяет, что опасность для людей все еще сохраняется. Якобы, ежегодно в полнолуние на коленях богини появляется красноватая лужица. По другой версии – ноги богини покрываются странным красноватым влажным налетом всякий раз, когда Россию ожидают очередные неприятности, беды, катастрофы.\",text_person,0
544,46,Анна,\"Это больше походит на сказочки на ночь вовсе не страшно. И мы пришли сюда ради этого?\",text_person,0
545,46,Автор,\"Анна схватила вас за руку\",text_author,0
546,46,Анна,\"Идём, я покажу тебе кое-что более жуткое\",text_person,0
547,46,Автор,\"Вы поднялись с Анной на третий этаж Эрмитажа\",text_author,0
548,46,Анна,\"Вот взгляни! Помнишь я тебе рассказывала о приведениях и жутких духах в Эрмитаже?!\",text_person,0
549,46,Вы,\"Неее....\",text_user,0
550,46,Анна,\"Так вот, смотри это восковая фигура Петра 1го, есть много забавных историй о нём, говрят, что некогда, некоторые люди замечали что Петр 1ый встаёт и кланяется прохожим, а затем указывал на дверь, видимо, намекая на то, что гостям «пора и честь знать». Забавно не так ли?\",text_person,0
551,46,Вы,\"Больше жутко, чем забавно.\",text_user,0
552,46,Автор,\"Кладя руку на его ногу\",text_author,0
553,46,Вы,\"Но он же восковый, в нём нет никаких шестерёнок или что-то вроде этого...\",text_user,0
554,46,Анна,\"Вот именно! Однако в 20 столетии в ходе реставрации внутри фигуры были обнаружены шарниры, которые позволяли сажать в кресло и ставить фигуру Петра. Однако, никакого механизма, который бы позволял царю самостоятельно двигаться, обнаружено не было. Кому-то доказательства показались неубедительными, кому-то – не захотелось терять очередную красивую легенду, поэтому эта история жива и сущетсвует.\",text_person,0
555,46,Вы,\"Да, забавно, а это пятно, похоже на кровь?\",text_user,0
556,46,Анна,\"Думаю во время реставрации кто-то из рабочих поранился, а они не заметили. Дорогой, сфотографируй меня с ним! Давай же!\",text_person,0
557,46,Вы,\"Ладно ладно, и.... готово! Тебе не кажется, нам пора покидать это место?\",text_user,0
558,46,Анна,\"Пфф, не уж то испугался, мальчишка\",text_person,0
559,46,Автор,\"Анна обняла вас за руку\",text_author,0
560,46,Анна,\"Как скажешь, дорогой.\",text_person,0
561,46,Автор,\"Двигаясь в сторону выхода, и спускаясь на второй этаж музея вы встречаете охраника\",text_author,0
562,46,Автор,\"Он светит вам фонариком в лица\",text_author,0
563,46,Автор,\"Начинается один не из самых приятных разговоров\",text_author,0
564,46,Охрана,\"Стоять,  Что вы там делали?\",text_person,0
565,46,Автор,\"Пытаясь сказать что-либо на ломанном русском\",text_author,0
566,46,Вы,\"Я смотреть картины, люди!\",text_user,0
567,46,Автор,\"Охраник ухмыльнувшись продолжил допрос только уже на знакомом языке для вас\",text_author,0
568,46,Охрана,\"Забрели не туда, да? Туристы?!\",text_person,0
569,46,Вы,\"Да мы потеряли своих друзей и уже уходим.\",text_user,0
570,46,Охрана,\"И правильно делаете, в музее орудует преступник, он порезал очень дооргую картину. Прям ножом! Представляешь!? БАМ! БАМ! И огромные куски полотна висят! \",text_person,0
571,46,Вы,\"Вы нас подозреваете? Мы не совершали этого!\",text_user,0
572,46,Охрана,\"По вам видно, что это не вы, такие напуганные, тем более мы давно перекрыли все входы и выходы, преступник остался внутри, большое счастье, что вы не пострадали!\",text_person,0
573,46,Вы,\"Но почему нас не эвакуировали? Нас никто не уведомил.\",text_user,0
574,46,Автор,\"Анна с раздражением дополнила\",text_author,0
575,46,Анна,\"ДА! Никто не сказал нам, что здесь орудует преступник!\",text_person,0
576,46,Охрана,\"Я понимаю вас мэм, пожалуйста, сейчас не время выяснять отношения, я сопровожу вас к выходу, следуйте за мной!\",text_person,0
577,46,Вы,\"Идём дорогая.\",text_user,0
578,46,Автор,\"Спускаясь вниз по лестнице, мы быстрым шагом и уверенно отправлялись к выходу, каждая секция, что отделяла этаж от лестницы была заперта изнутри. 2 – 3 – 2. Последовательность таких стуков по дверям давала знать, что с другой стороны идут свои, двери открылись, мы шли дальше.\",text_author,0
579,46,Автор,\"И вновь Тук-тук, тук-тук-тук, тук-тук...\",text_author,0
580,46,Автор,\"Ещё пару пролётов и мы были у выхода, где был весь наш коллектив.\",text_author,0
581,46,Автор,\"Увидав, что мы прибыли с «экскортом», Стивен, как староста группы, поздаровался с охранником и на таком же, не особо отличавшемся от моего ломанном русском спросил\",text_author,0
582,46,Стивен,\"Какие проблемы офицер?\",text_person,0
583,46,Автор,\"Охраник же на английском\",text_author,0
584,46,Охрана,\"Нет никаких проблем, забирайте своих товарищей и храни вас господь, чудо что вы живы!\",text_person,0
585,46,Автор,\"Стивен немного приофигел, но отблагодарил офицера и пытаясь успокоить самого себя и свой голос, очень громко, но шёпотом спросил\",text_author,0
586,46,Стивен,\"КАКОГО ХРЕЕЕЕЕЕНА? Что случилось?\",text_person,0
587,46,Анна,\"Мы потерялись, но потом нашли выход, а потом нас встретили и вывели.\",text_person,0
588,46,Стивен,\"Анна! АННА БЛИН! ЧТООООО? \",text_person,0
589,46,Клэр,\"Стивен хотел уже вас похоронить, так как узнав, что в музее орудует вооружённый преступник очень распереживался, проверьте свои телефоны.\",text_person,0
590,46,Автор,\"Вы с Анной просматриваете свои телефоны\",text_author,0
591,46,Автор,\"У Анны и у вас по 5 пропущенных вызовов\",text_author,0
592,46,Ронн,\"Главное вы целы!\",text_person,0
593,46,Стивен,\"ЧУВАААААК! Я ТЕБЯ ЩАС САМ УРОЮ!\",text_person,0
594,46,Автор,\"Волна смеха накрыла всех, разобравшись конкретно в происходящем, мы все отправились в отель, что снял для нас Стивен.\",text_author,0
595,46,Автор,\"Джоанна на последок\",text_author,0
596,46,Джоанна,\"Знаете что всё же самое запоминающееся?\",text_person,0
597,46,Клэр,\"К примеру?\",text_person,0
598,46,Джоанна,\"Это английский того офицера!\",text_person,0
599,46,Вы,\"Или бедный русский Стивена!\",text_user,0
600,46,Автор,\"Улыбка Стивена раскатилась по всему лицу, он ударил вас по спине.\",text_author,0
601,46,Стивен,\"Я говорю вообще то без акцента!))\",text_person,0
602,46,Анна,\"Это действительно было интересно.\",text_person,0
603,46,Автор,\"КОНЕЦ ИГРЫ\",text_author,0
604,46,Выбор,\"Начать сначала\",button,0
605,22,Вы,\"Хорошо Рон, я буду с тобой. Анна, ты не против?\",text_user,0
606,22,Анна,\"Хорошо, я тебя понимаю\",text_person,0
607,22,Стивен,\"Может тогда и я подключусь к вам? Чтобы дамы побыли вместе, а мы с вами вместе?\",text_person,0
608,22,Ронн,\"Здорово, очень логично чувак.\",text_person,0
609,22,Клэр,\"Всё таки разочаровал ты меня, братик, ну да ладно, я сфотографирую тебя тогда, когда ты этого не заметишь)\",text_person,0
610,22,Автор,\"Смех накрыл нас всех. И после этого с большой улыбкой на лицо, будучи счастливым как ребёнок, мы отправились осматривать экспонаты и драгоценности Египта.\",text_author,0
611,22,Ронн,\"Я действительно так рад, вам ребята.\",text_person,0
612,22,Стивен,\"Да да, мы тоже.\",text_person,0
613,22,Автор,\"Мы много ходили и смотрели всё покуда не нашли то, что посодействовало меня предложить такую дичью\",text_author,0
614,22,Автор,\"А наткнулись мы на скукоту\",text_author,0
615,22,Автор,\"Тогда вы...\",text_author,0
616,22,Вы,\"А вы слышали о всяких духах и приведениях, что обитают в этом Эрмитаже?\",text_user,0
617,22,Стивен,\"Я конечно человек не суеверный, но мне охх как интересно.\",text_person,0
618,22,Вы,\"Идёмте за мной, я кое-что вам покажу\",text_user,0
619,22,Выбор,\"Рассказать о Петре 1ом\",button,0
620,22,Выбор,\"Рассказать о египетском памятнике\",button,0
621,22,Выбор,\"Рассказать о маске\",button,0
622,619,Вы,\"Вот, взгляните! Это восковая фигура Петра 1го, есть много забавных историй о нём, говрят, что некогда, некоторые люди замечали что Петр 1ый встаёт и кланяется прохожим, а затем указывал на дверь, видимо, намекая на то, что гостям «пора и честь знать». Забавно не так ли?\",text_user,0
623,619,Ронн,\"Больше жутко, чем забавно.\",text_person,0
624,619,Автор,\"Кладя руку на его ногу, Стивен говорит\",text_author,0
625,619,Стивен,\"Но он же восковый, в нём нет никаких шестерёнок или что-то вроде этого...\",text_person,0
626,619,Вы,\"Вот именно! Однако в 20 столетии в ходе реставрации внутри фигуры были обнаружены шарниры, которые позволяли сажать в кресло и ставить фигуру Петра. Однако, никакого механизма, который бы позволял царю самостоятельно двигаться, обнаружено не было. Кому-то доказательства показались неубедительными, кому-то – не захотелось терять очередную красивую легенду, поэтому эта история жива и сущетсвует.\",text_user,0
627,619,Ронн,\"Да, забавно, а это пятно, похоже на кровь?\",text_person,0
628,619,Вы,\"Думаю во время реставрации кто-то из рабочих поранился, а они не заметили.\",text_user,0
629,619,Стивен,\"Это конечно всё забавно, но нужно бы и у дам спросить, как они? Не потерялись ли?\",text_person,0
630,619,Вы,\"Я позвоню\",text_user,0
631,619,Выбор,\"Позвонить Клэр\",button,0
632,619,Выбор,\"Позвонить Джоанне\",button,0
633,619,Выбор,\"Позвонить Анне\",button,0
634,620,Вы,\"Где-то здесь можно найти один из древнейших египетских памятников на территории России - статую богини войны и воздаяния, гневную Мут-Сохмет.\",text_user,0
635,620,Ронн,\"Ууу как страшно!\",text_person,0
636,620,Вы,\"Слушай. Согласно мифу, кровожадная богиня решила уничтожить род человеческий. Боги решили спасти людей: они разлили перед богиней подкрашенное в красный цвет пиво, которое Мут-Сохмет приняла за человеческую кровь. Выпила – и успокоилась. Однако, легенда Эрмитажа уверяет, что опасность для людей все еще сохраняется. Якобы, ежегодно в полнолуние на коленях богини появляется красноватая лужица. По другой версии – ноги богини покрываются странным красноватым влажным налетом всякий раз, когда Россию ожидают очередные неприятности, беды, катастрофы.\",text_user,0
637,620,Стивен,\"Это больше походит на сказочки на ночь, вовсе не страшно. Да и выглядит она весьма чиста, никакого «налёта». А когда это хотя бы в полседний раз было то?\",text_person,0
638,620,Вы,\"Последний раз налет, якобы, был обнаружен в 1991 году.\",text_user,0
639,620,Стивен,\"И мы пришли сюда ради этого?\",text_person,0
640,620,Ронн,\"Пфф, детский сад.\",text_person,0
641,620,Стивен,\"Это конечно всё забавно, но нужно бы и у дам спросить, как они? Не потерялись ли?\",text_person,0
642,620,Вы,\"Я позвоню\",text_user,0
643,620,Выбор,\"Позвонить Клэр\",button,0
644,620,Выбор,\"Позвонить Джоанне\",button,0
645,620,Выбор,\"Позвонить Анне\",button,0
646,621,Вы,\"В собраниях Эрмитажа хранятся всего три посмертные античные маски из золота. Одна из них – маска из гробницы Рескупорида. В 1837 году археологи обнаружили в окрестностях Керчи курган, внутри нашли каменный саркофаг с женским скелетом, который предположительно принадлежал не иначе как царице: все тело усыпано бляшками из золота, на голове – золотой венок, лицо скрыто золотой маской.\",text_user,0
647,621,Стивен,\"Ты что готовился? Почему это звучит так, будто ты это учил?\",text_person,0
648,621,Ронн,\"И вправду приятель, не страшно, а даже смешно)\",text_person,0
649,621,Вы,\"А если я скажу, что она ночью летает по зданию и пугает охраников!?\",text_user,0
650,621,Стивен,\"Брось приятель, только смешнее становится)\",text_person,0
651,621,Стивен,\"Это конечно всё забавно, но нужно бы и у дам спросить, как они? Не потерялись ли?\",text_person,0
652,621,Вы,\"Я позвоню\",text_user,0
653,621,Выбор,\"Позвонить Клэр\",button,0
654,621,Выбор,\"Позвонить Джоанне\",button,0
655,621,Выбор,\"Позвонить Анне\",button,0
656,631,Автор,\"Набираете номер девушек\",text_author,0
657,631,Вы,\"Алоо?\",text_user,0
658,631,Джоанна,\"Алло!?\",text_person,0
659,631,Вы,\"С вами всё хорошо?\",text_user,0
660,631,Джоанна,\"Ребят вам бы лучше спускаться и на выход!\",text_person,0
661,631,Вы,\"Почему это?\",text_user,0
662,631,Автор,\"Анна выхватывает телефон у девушек после чего тревожным голосом\",text_author,0
663,631,Анна,\"Дорогой, кто-то изрезал картину «Данаи» и всех выгоняют из музея, так как его хотят закрыть и оцепить окружность, чтобы найти этого преступника, но это не отменяет факт того, что преступник вооружен и может быть опасен, на картине остались следы от применения холодного оружия! Слышишь?! ХОЛОДНОЕ ОРУЖИЕ! ПОЖАЛУЙСТА СПУСКАЙТЕСЬ!\",text_person,0
664,631,Автор,\"Услыхав шокирующую новость вы устремились к выходу, где Джоанна Клэр и Анна ждали вас\",text_author,0
665,631,Автор,\"Вы обняли Анну\",text_author,0
666,631,Анна,\"Я испугалась\",text_person,0
667,631,Автор,\"Прости что заставил волноваться, ладно уходим\",text_author,0
668,631,Автор,\"КОНЕЦ ИГРЫ\",text_author,0
669,631,Выбор,\"Начать сначала\",button,0
670,632,Автор,\"Набираете номер девушек\",text_author,0
671,632,Вы,\"Алоо?\",text_user,0
672,632,Джоанна,\"Алло!?\",text_person,0
673,632,Вы,\"С вами всё хорошо?\",text_user,0
674,632,Джоанна,\"Ребят вам бы лучше спускаться и на выход!\",text_person,0
675,632,Вы,\"Почему это?\",text_user,0
676,632,Автор,\"Анна выхватывает телефон у девушек после чего тревожным голосом\",text_author,0
677,632,Анна,\"Дорогой, кто-то изрезал картину «Данаи» и всех выгоняют из музея, так как его хотят закрыть и оцепить окружность, чтобы найти этого преступника, но это не отменяет факт того, что преступник вооружен и может быть опасен, на картине остались следы от применения холодного оружия! Слышишь?! ХОЛОДНОЕ ОРУЖИЕ! ПОЖАЛУЙСТА СПУСКАЙТЕСЬ!\",text_person,0
678,632,Автор,\"Услыхав шокирующую новость вы устремились к выходу, где Джоанна Клэр и Анна ждали вас\",text_author,0
679,632,Автор,\"Вы обняли Анну\",text_author,0
680,632,Анна,\"Я испугалась\",text_person,0
681,632,Автор,\"Прости что заставил волноваться, ладно уходим\",text_author,0
682,632,Автор,\"КОНЕЦ ИГРЫ\",text_author,0
683,632,Выбор,\"Начать сначала\",button,0
684,633,Автор,\"Набираете номер Анны\",text_author,0
685,633,Автор,\"Нескончаемые гудки в телефоне\",text_author,0
686,633,Автор,\"«Извините, телефон абонента недоступен»\",text_author,0
687,633,Вы,\"Какого? Ещё раз!\",text_user,0
688,633,Автор,\"«Извините, телефон абонента недоступен»\",text_author,0
689,633,Автор,\"Вы пробуете позвонить Клэр\",text_author,0
690,633,Вы,\"Алло, КЛЭР!?\",text_user,0
691,633,Клэр,\"Эй, зачем так сильно кричать?!\",text_person,0
692,633,Вы,\"Клэр, где Анна?! Её номер недоступен!\",text_user,0
693,633,Автор,\"Джоанна, что подслушивала ваш разговор с Клэр, выхватила телефон и продолжила очень тревожным голосом.\",text_author,0
694,633,Джоанна,\"Она пошла на третий этаж! Она думает вы там! \",text_person,0
695,633,Вы,\"Мы ведь на втором, хорошо, вы отправляйтесь к выходу, а я....\",text_user,0
696,633,Джоанна,\"Нас и так выгоняют! Кто-то изрезал картину «Данаи» и всех выгоняют из музея, так как его хотят закрыть и оцепить окружность, чтобы найти этого преступника, но это не отменяет факт того, что преступник вооружен и может быть опасен, на картине остались следы от применения холодного оружия! Слышишь?! ХОЛОДНОЕ ОРУЖИЕ! ПОЖАЛУЙСТА БЫСТРЕЕ НАЙДИ ЕЁ!\",text_person,0
697,633,Вы,\"Понял тебя.\",text_user,0
698,633,Автор,\"Пытаясь взять ситуацию под контроль, вы просите остальных покинуть этот этаж, как можно скорей\",text_author,0
699,633,Автор,\"Ронн прерывает вас\",text_author,0
700,633,Ронн,\"Мы тебя поняли, беги, найди её и на выход!\",text_person,0
701,633,Вы,\"ДА!\",text_user,0
702,633,Автор,\"Вы обежали всё западное крыло 3-его этажа.\",text_author,0
703,633,Автор,\"Солнце за решётчатыми окнами садится окрашивая в кроваво красное вместе с облаками и экспанаты времён 19 – 20 веков Франции.\",text_author,0
704,633,Автор,\"Тени от заходяшего солнца с каждой минутой отражал на стены всё новые, жуткие формы, в которых виднелись и люди, и монстры\",text_author,0
705,633,Вы,\"Анна, где она? Боже! Да это РОЗЫГРЫШ! КОНЕЧНО ЖЕ! КАК Я СРАЗУ НЕ ДОГОДАЛСЯ! Сейчас я вам позвоню, и ваши телефоны тут и зазвенят!\",text_user,0
706,633,Автор,\"Судорожно тресящейся рукой вы открываете адресную книгу\",text_author,0
707,633,Вы,\"Я знаю ты здесь, ты меня разыгрываешь!\",text_user,0
708,633,Автор,\"Очередной звонок Анне\",text_author,0
709,633,Вы,\"Я знаю ты здесь, ты меня разыгрываешь!\",text_user,0
710,633,Автор,\"Вдруг вдали коридора раздаётся знакомый вам рингтон телефона\",text_author,0
711,633,Вы,\"Анна! Почему ты... Анна... Боже! БОЖЕ!!!!!\",text_user,0
712,633,Автор,\"Анна лежала на полу с полностью изуродованным лицом, её руки были сломанны в локтях, из-за чего она приняла необычную позу, кровь расстекалась от её рта, покрывая большую площадь вокруг её тела на полу. Она поддёргивалась, но из-за темноты было не разобрать, что она хотела в тот момент сказать, она плакала...\",text_author,0
713,633,Автор,\"Вы взяли в руки телефон Анны, где в набранных сообщениях было недописанно:\",text_author,0
714,633,Автор,\"«Дорогой, здесь незнакомый человек с ножом, пожалуйста возвращайся скорее. Я жду те         »\",text_author,0
715,633,Вы,\"(бья руками по полу) Анна! АННА! НЕТ! НЕТ! НЕТ!\",text_user,0
716,633,Убийца,\"Смотри сюда!\",text_person,0
717,633,Вы,\"Кто это?!\",text_user,0
718,633,Автор,\"В утренних новостях был репортаж о зверском расчленении двух подростков в Санкт-Петербургском музее искусства. Тела двух подростков были расчлененны на части, а наличие кучи ножевых ранений и синяков свидетельствует о наличии у преступника холодного оружия. Следствие ведёт расследование на протяжении двух суток, но пока, без результатно. Тела погибших переданны в органы расследования, а убийца так ещё не найден, мы передаём наши соболезнования всем их друзьям и знакомым, а так же родителям пострадавших...\",text_author,0
719,633,Автор,\"К другим новостям\",text_author,0
720,633,Автор,\"Пропала легендарная восковая фигура Петра перво....\",text_author,0
721,633,Автор,\"КОНЕЦ ИГРЫ\",text_author,0
722,633,Выбор,\"Начать сначала\",button,0
723,643,Автор,\"Набираете номер девушек\",text_author,0
724,643,Вы,\"Алоо?\",text_user,0
725,643,Джоанна,\"Алло!?\",text_person,0
726,643,Вы,\"С вами всё хорошо?\",text_user,0
727,643,Джоанна,\"Ребят вам бы лучше спускаться и на выход!\",text_person,0
728,643,Вы,\"Почему это?\",text_user,0
729,643,Автор,\"Анна выхватывает телефон у девушек после чего тревожным голосом\",text_author,0
730,643,Анна,\"Дорогой, кто-то изрезал картину «Данаи» и всех выгоняют из музея, так как его хотят закрыть и оцепить окружность, чтобы найти этого преступника, но это не отменяет факт того, что преступник вооружен и может быть опасен, на картине остались следы от применения холодного оружия! Слышишь?! ХОЛОДНОЕ ОРУЖИЕ! ПОЖАЛУЙСТА СПУСКАЙТЕСЬ!\",text_person,0
731,643,Автор,\"Услыхав шокирующую новость вы устремились к выходу, где Джоанна Клэр и Анна ждали вас\",text_author,0
732,643,Автор,\"Вы обняли Анну\",text_author,0
733,643,Анна,\"Я испугалась\",text_person,0
734,643,Автор,\"Прости что заставил волноваться, ладно уходим\",text_author,0
735,643,Автор,\"КОНЕЦ ИГРЫ\",text_author,0
736,643,Выбор,\"Начать сначала\",button,0
737,644,Автор,\"Набираете номер девушек\",text_author,0
738,644,Вы,\"Алоо?\",text_user,0
739,644,Джоанна,\"Алло!?\",text_person,0
740,644,Вы,\"С вами всё хорошо?\",text_user,0
741,644,Джоанна,\"Ребят вам бы лучше спускаться и на выход!\",text_person,0
742,644,Вы,\"Почему это?\",text_user,0
743,644,Автор,\"Анна выхватывает телефон у девушек после чего тревожным голосом\",text_author,0
744,644,Анна,\"Дорогой, кто-то изрезал картину «Данаи» и всех выгоняют из музея, так как его хотят закрыть и оцепить окружность, чтобы найти этого преступника, но это не отменяет факт того, что преступник вооружен и может быть опасен, на картине остались следы от применения холодного оружия! Слышишь?! ХОЛОДНОЕ ОРУЖИЕ! ПОЖАЛУЙСТА СПУСКАЙТЕСЬ!\",text_person,0
745,644,Автор,\"Услыхав шокирующую новость вы устремились к выходу, где Джоанна Клэр и Анна ждали вас\",text_author,0
746,644,Автор,\"Вы обняли Анну\",text_author,0
747,644,Анна,\"Я испугалась\",text_person,0
748,644,Автор,\"Прости что заставил волноваться, ладно уходим\",text_author,0
749,644,Автор,\"КОНЕЦ ИГРЫ\",text_author,0
750,644,Выбор,\"Начать сначала\",button,0
751,645,Автор,\"Набираете номер Анны\",text_author,0
752,645,Автор,\"Нескончаемые гудки в телефоне\",text_author,0
753,645,Автор,\"«Извините, телефон абонента недоступен»\",text_author,0
754,645,Вы,\"Какого? Ещё раз!\",text_user,0
755,645,Автор,\"«Извините, телефон абонента недоступен»\",text_author,0
756,645,Автор,\"Вы пробуете позвонить Клэр\",text_author,0
757,645,Вы,\"Алло, КЛЭР!?\",text_user,0
758,645,Клэр,\"Эй, зачем так сильно кричать?!\",text_person,0
759,645,Вы,\"Клэр, где Анна?! Её номер недоступен!\",text_user,0
760,645,Автор,\"Джоанна, что подслушивала ваш разговор с Клэр, выхватила телефон и продолжила очень тревожным голосом.\",text_author,0
761,645,Джоанна,\"Она пошла на третий этаж! Она думает вы там! \",text_person,0
762,645,Вы,\"Мы ведь на втором, хорошо, вы отправляйтесь к выходу, а я....\",text_user,0
763,645,Джоанна,\"Нас и так выгоняют! Кто-то изрезал картину «Данаи» и всех выгоняют из музея, так как его хотят закрыть и оцепить окружность, чтобы найти этого преступника, но это не отменяет факт того, что преступник вооружен и может быть опасен, на картине остались следы от применения холодного оружия! Слышишь?! ХОЛОДНОЕ ОРУЖИЕ! ПОЖАЛУЙСТА БЫСТРЕЕ НАЙДИ ЕЁ!\",text_person,0
764,645,Вы,\"Понял тебя.\",text_user,0
765,645,Автор,\"Пытаясь взять ситуацию под контроль, вы просите остальных покинуть этот этаж, как можно скорей\",text_author,0
766,645,Автор,\"Ронн прерывает вас\",text_author,0
767,645,Ронн,\"Мы тебя поняли, беги, найди её и на выход!\",text_person,0
768,645,Вы,\"ДА!\",text_user,0
769,645,Автор,\"Вы обежали всё западное крыло 3-его этажа.\",text_author,0
770,645,Автор,\"Солнце за решётчатыми окнами садится окрашивая в кроваво красное вместе с облаками и экспанаты времён 19 – 20 веков Франции.\",text_author,0
771,645,Автор,\"Тени от заходяшего солнца с каждой минутой отражал на стены всё новые, жуткие формы, в которых виднелись и люди, и монстры\",text_author,0
772,645,Вы,\"Анна, где она? Боже! Да это РОЗЫГРЫШ! КОНЕЧНО ЖЕ! КАК Я СРАЗУ НЕ ДОГОДАЛСЯ! Сейчас я вам позвоню, и ваши телефоны тут и зазвенят!\",text_user,0
773,645,Автор,\"Судорожно тресящейся рукой вы открываете адресную книгу\",text_author,0
774,645,Вы,\"Я знаю ты здесь, ты меня разыгрываешь!\",text_user,0
775,645,Автор,\"Очередной звонок Анне\",text_author,0
776,645,Вы,\"Я знаю ты здесь, ты меня разыгрываешь!\",text_user,0
777,645,Автор,\"Вдруг вдали коридора раздаётся знакомый вам рингтон телефона\",text_author,0
778,645,Вы,\"Анна! Почему ты... Анна... Боже! БОЖЕ!!!!!\",text_user,0
779,645,Автор,\"Анна лежала на полу с полностью изуродованным лицом, её руки были сломанны в локтях, из-за чего она приняла необычную позу, кровь расстекалась от её рта, покрывая большую площадь вокруг её тела на полу. Она поддёргивалась, но из-за темноты было не разобрать, что она хотела в тот момент сказать, она плакала...\",text_author,0
780,645,Автор,\"Вы взяли в руки телефон Анны, где в набранных сообщениях было недописанно:\",text_author,0
781,645,Автор,\"«Дорогой, здесь незнакомый человек с ножом, пожалуйста возвращайся скорее. Я жду те         »\",text_author,0
782,645,Вы,\"(бья руками по полу) Анна! АННА! НЕТ! НЕТ! НЕТ!\",text_user,0
783,645,Убийца,\"Смотри сюда!\",text_person,0
784,645,Вы,\"Кто это?!\",text_user,0
785,645,Автор,\"В утренних новостях был репортаж о зверском расчленении двух подростков в Санкт-Петербургском музее искусства. Тела двух подростков были расчлененны на части, а наличие кучи ножевых ранений и синяков свидетельствует о наличии у преступника холодного оружия. Следствие ведёт расследование на протяжении двух суток, но пока, без результатно. Тела погибших переданны в органы расследования, а убийца так ещё не найден, мы передаём наши соболезнования всем их друзьям и знакомым, а так же родителям пострадавших...\",text_author,0
786,645,Автор,\"К другим новостям\",text_author,0
787,645,Автор,\"Пропала легендарная восковая фигура Петра перво....\",text_author,0
788,645,Автор,\"КОНЕЦ ИГРЫ\",text_author,0
789,645,Выбор,\"Начать сначала\",button,0
790,653,Автор,\"Набираете номер девушек\",text_author,0
791,653,Вы,\"Алоо?\",text_user,0
792,653,Джоанна,\"Алло!?\",text_person,0
793,653,Вы,\"С вами всё хорошо?\",text_user,0
794,653,Джоанна,\"Ребят вам бы лучше спускаться и на выход!\",text_person,0
795,653,Вы,\"Почему это?\",text_user,0
796,653,Автор,\"Анна выхватывает телефон у девушек после чего тревожным голосом\",text_author,0
797,653,Анна,\"Дорогой, кто-то изрезал картину «Данаи» и всех выгоняют из музея, так как его хотят закрыть и оцепить окружность, чтобы найти этого преступника, но это не отменяет факт того, что преступник вооружен и может быть опасен, на картине остались следы от применения холодного оружия! Слышишь?! ХОЛОДНОЕ ОРУЖИЕ! ПОЖАЛУЙСТА СПУСКАЙТЕСЬ!\",text_person,0
798,653,Автор,\"Услыхав шокирующую новость вы устремились к выходу, где Джоанна Клэр и Анна ждали вас\",text_author,0
799,653,Автор,\"Вы обняли Анну\",text_author,0
800,653,Анна,\"Я испугалась\",text_person,0
801,653,Автор,\"Прости что заставил волноваться, ладно уходим\",text_author,0
802,653,Автор,\"КОНЕЦ ИГРЫ\",text_author,0
803,653,Выбор,\"Начать сначала\",button,0
804,654,Автор,\"Набираете номер девушек\",text_author,0
805,654,Вы,\"Алоо?\",text_user,0
806,654,Джоанна,\"Алло!?\",text_person,0
807,654,Вы,\"С вами всё хорошо?\",text_user,0
808,654,Джоанна,\"Ребят вам бы лучше спускаться и на выход!\",text_person,0
809,654,Вы,\"Почему это?\",text_user,0
810,654,Автор,\"Анна выхватывает телефон у девушек после чего тревожным голосом\",text_author,0
811,654,Анна,\"Дорогой, кто-то изрезал картину «Данаи» и всех выгоняют из музея, так как его хотят закрыть и оцепить окружность, чтобы найти этого преступника, но это не отменяет факт того, что преступник вооружен и может быть опасен, на картине остались следы от применения холодного оружия! Слышишь?! ХОЛОДНОЕ ОРУЖИЕ! ПОЖАЛУЙСТА СПУСКАЙТЕСЬ!\",text_person,0
812,654,Автор,\"Услыхав шокирующую новость вы устремились к выходу, где Джоанна Клэр и Анна ждали вас\",text_author,0
813,654,Автор,\"Вы обняли Анну\",text_author,0
814,654,Анна,\"Я испугалась\",text_person,0
815,654,Автор,\"Прости что заставил волноваться, ладно уходим\",text_author,0
816,654,Автор,\"КОНЕЦ ИГРЫ\",text_author,0
817,654,Выбор,\"Начать сначала\",button,0
818,655,Автор,\"Набираете номер Анны\",text_author,0
819,655,Автор,\"Нескончаемые гудки в телефоне\",text_author,0
820,655,Автор,\"«Извините, телефон абонента недоступен»\",text_author,0
821,655,Вы,\"Какого? Ещё раз!\",text_user,0
822,655,Автор,\"«Извините, телефон абонента недоступен»\",text_author,0
823,655,Автор,\"Вы пробуете позвонить Клэр\",text_author,0
824,655,Вы,\"Алло, КЛЭР!?\",text_user,0
825,655,Клэр,\"Эй, зачем так сильно кричать?!\",text_person,0
826,655,Вы,\"Клэр, где Анна?! Её номер недоступен!\",text_user,0
827,655,Автор,\"Джоанна, что подслушивала ваш разговор с Клэр, выхватила телефон и продолжила очень тревожным голосом.\",text_author,0
828,655,Джоанна,\"Она пошла на третий этаж! Она думает вы там! \",text_person,0
829,655,Вы,\"Мы ведь на втором, хорошо, вы отправляйтесь к выходу, а я....\",text_user,0
830,655,Джоанна,\"Нас и так выгоняют! Кто-то изрезал картину «Данаи» и всех выгоняют из музея, так как его хотят закрыть и оцепить окружность, чтобы найти этого преступника, но это не отменяет факт того, что преступник вооружен и может быть опасен, на картине остались следы от применения холодного оружия! Слышишь?! ХОЛОДНОЕ ОРУЖИЕ! ПОЖАЛУЙСТА БЫСТРЕЕ НАЙДИ ЕЁ!\",text_person,0
831,655,Вы,\"Понял тебя.\",text_user,0
832,655,Автор,\"Пытаясь взять ситуацию под контроль, вы просите остальных покинуть этот этаж, как можно скорей\",text_author,0
833,655,Автор,\"Ронн прерывает вас\",text_author,0
834,655,Ронн,\"Мы тебя поняли, беги, найди её и на выход!\",text_person,0
835,655,Вы,\"ДА!\",text_user,0
836,655,Автор,\"Вы обежали всё западное крыло 3-его этажа.\",text_author,0
837,655,Автор,\"Солнце за решётчатыми окнами садится окрашивая в кроваво красное вместе с облаками и экспанаты времён 19 – 20 веков Франции.\",text_author,0
838,655,Автор,\"Тени от заходяшего солнца с каждой минутой отражал на стены всё новые, жуткие формы, в которых виднелись и люди, и монстры\",text_author,0
839,655,Вы,\"Анна, где она? Боже! Да это РОЗЫГРЫШ! КОНЕЧНО ЖЕ! КАК Я СРАЗУ НЕ ДОГОДАЛСЯ! Сейчас я вам позвоню, и ваши телефоны тут и зазвенят!\",text_user,0
840,655,Автор,\"Судорожно тресящейся рукой вы открываете адресную книгу\",text_author,0
841,655,Вы,\"Я знаю ты здесь, ты меня разыгрываешь!\",text_user,0
842,655,Автор,\"Очередной звонок Анне\",text_author,0
843,655,Вы,\"Я знаю ты здесь, ты меня разыгрываешь!\",text_user,0
844,655,Автор,\"Вдруг вдали коридора раздаётся знакомый вам рингтон телефона\",text_author,0
845,655,Вы,\"Анна! Почему ты... Анна... Боже! БОЖЕ!!!!!\",text_user,0
846,655,Автор,\"Анна лежала на полу с полностью изуродованным лицом, её руки были сломанны в локтях, из-за чего она приняла необычную позу, кровь расстекалась от её рта, покрывая большую площадь вокруг её тела на полу. Она поддёргивалась, но из-за темноты было не разобрать, что она хотела в тот момент сказать, она плакала...\",text_author,0
847,655,Автор,\"Вы взяли в руки телефон Анны, где в набранных сообщениях было недописанно:\",text_author,0
848,655,Автор,\"«Дорогой, здесь незнакомый человек с ножом, пожалуйста возвращайся скорее. Я жду те         »\",text_author,0
849,655,Вы,\"(бья руками по полу) Анна! АННА! НЕТ! НЕТ! НЕТ!\",text_user,0
850,655,Убийца,\"Смотри сюда!\",text_person,0
851,655,Вы,\"Кто это?!\",text_user,0
852,655,Автор,\"В утренних новостях был репортаж о зверском расчленении двух подростков в Санкт-Петербургском музее искусства. Тела двух подростков были расчлененны на части, а наличие кучи ножевых ранений и синяков свидетельствует о наличии у преступника холодного оружия. Следствие ведёт расследование на протяжении двух суток, но пока, без результатно. Тела погибших переданны в органы расследования, а убийца так ещё не найден, мы передаём наши соболезнования всем их друзьям и знакомым, а так же родителям пострадавших...\",text_author,0
853,655,Автор,\"К другим новостям\",text_author,0
854,655,Автор,\"Пропала легендарная восковая фигура Петра перво....\",text_author,0
855,655,Автор,\"КОНЕЦ ИГРЫ\",text_author,0
856,655,Выбор,\"Начать сначала\",button,0
857,23,Вы,\"А знаете что!?\",text_user,0
858,23,Стивен,\"Да, ты прав приятель, давайте будем держаться вместе, ибо мало ли что.\",text_person,0
859,23,Автор,\"Все девушки, включая и парней в один голос согласились, ведь это было разумнее, нежели чем бродить по огромным зданиям зимнего дворца в одиночку\",text_author,0
860,23,Автор,\"Не сделали мы и пару шагов от входа, как вдруг волна людей нахлынуло в фойе.\",text_author,0
861,23,Стивен,\"Что происходит?\",text_person,0
862,23,Автор,\"Появились охраники и люди в униформе\",text_author,0
863,23,Автор,\"Сказав речь на русском, мужчина повторил на английском.\",text_author,0
864,23,Охрана,\"Прошу всех внимания! На втором этаже было произведено преступление. Пострадала к счастью картина, а не человек, но это не отменяет факт того, что преступник вооружен и может быть опасен, на картине остались следы от применения холодного оружия!\",text_person,0
865,23,Джоанна,\"Какой кошмар! Хорошо, что мы задержались здесь, внизу.\",text_person,0
866,23,Охрана,\"Музей оцеплён, всех тех, кто остался там мы выпроводим, сохраняйте спокойствие и не поднимайте панику!\",text_person,0
867,23,Автор,\"Мы ждали минуту за минутой, час за часом, пока всех людей не вывели и операция по поимке преступника не была окончена\",text_author,0
868,23,Автор,\"В конце показались носилки - это были трупы людей\",text_author,0
869,23,Автор,\"Мы не могли в это поверить...\",text_author,0
870,23,Автор,\"Лицо Джоанны и Анны полностью поблекло, это были самые худшие каникулы в нашей жизни\",text_author,0
871,23,Автор,\"В утренних новостях был репортаж о зверском расчленении двух подростков в Санкт-Петербургском музее искусства. Тела двух подростков были расчлененны на части, а наличие кучи ножевых ранений и синяков свидетельствует о наличии у преступника холодного оружия. Следствие ведёт расследование на протяжении двух суток, но пока, без результатно. Тела погибших переданны в органы расследования, а убийца так ещё не найден, мы передаём наши соболезнования всем их друзьям и знакомым, а так же родителям пострадавших...\",text_author,0
872,23,Автор,\"К другим новостям\",text_author,0
873,23,Автор,\"Пропала легендарная восковая фигура Петра перво...\",text_author,0
874,23,Автор,\"КОНЕЦ ИГРЫ\",text_author,0
875,23,Выбор,\"Начать сначала\",button,0
876,24,Вы,\"А знаете что!?\",text_user,0
877,24,Стивен,\"Да, ты прав приятель, давайте будем держаться вместе, ибо мало ли что.\",text_person,0
878,24,Автор,\"Все девушки, включая и парней в один голос согласились, ведь это было разумнее, нежели чем бродить по огромным зданиям зимнего дворца в одиночку\",text_author,0
879,24,Автор,\"Не сделали мы и пару шагов от входа, как вдруг волна людей нахлынуло в фойе.\",text_author,0
880,24,Стивен,\"Что происходит?\",text_person,0
881,24,Автор,\"Появились охраники и люди в униформе\",text_author,0
882,24,Автор,\"Сказав речь на русском, мужчина повторил на английском.\",text_author,0
883,24,Охрана,\"Прошу всех внимания! На втором этаже было произведено преступление. Пострадала к счастью картина, а не человек, но это не отменяет факт того, что преступник вооружен и может быть опасен, на картине остались следы от применения холодного оружия!\",text_person,0
884,24,Джоанна,\"Какой кошмар! Хорошо, что мы задержались здесь, внизу.\",text_person,0
885,24,Охрана,\"Музей оцеплён, всех тех, кто остался там мы выпроводим, сохраняйте спокойствие и не поднимайте панику!\",text_person,0
886,24,Автор,\"Мы ждали минуту за минутой, час за часом, пока всех людей не вывели и операция по поимке преступника не была окончена\",text_author,0
887,24,Автор,\"В конце показались носилки - это были трупы людей\",text_author,0
888,24,Автор,\"Мы не могли в это поверить...\",text_author,0
889,24,Автор,\"Лицо Джоанны и Анны полностью поблекло, это были самые худшие каникулы в нашей жизни\",text_author,0
890,24,Автор,\"В утренних новостях был репортаж о зверском расчленении двух подростков в Санкт-Петербургском музее искусства. Тела двух подростков были расчлененны на части, а наличие кучи ножевых ранений и синяков свидетельствует о наличии у преступника холодного оружия. Следствие ведёт расследование на протяжении двух суток, но пока, без результатно. Тела погибших переданны в органы расследования, а убийца так ещё не найден, мы передаём наши соболезнования всем их друзьям и знакомым, а так же родителям пострадавших...\",text_author,0
891,24,Автор,\"К другим новостям\",text_author,0
892,24,Автор,\"Пропала легендарная восковая фигура Петра перво...\",text_author,0
893,24,Автор,\"КОНЕЦ ИГРЫ\",text_author,0
894,24,Выбор,\"Начать сначала\",button,0
